Date,Static OLS,Rolling OLS,Kalman filter,Buy & Hold
2020-01-01,0.0,0.0,0.0,0.005109598277480254
2020-01-02,0.0,0.0,0.0,0.006374150513726251
2020-01-03,0.0,0.0,0.0,-0.014260851185487255
2020-01-06,0.0,0.0,0.0,-0.021641409266558775
2020-01-07,0.0,0.0,0.008641107704105016,0.015834668029814924
2020-01-08,0.0,0.0,0.0001868170741502536,-0.002617702017630119
2020-01-09,0.0,0.0,0.007218645916609631,0.011214451361426514
2020-01-10,0.0,0.0,-0.001,0.008887934474899994
2020-01-13,0.0,0.0,0.0,0.0025727026737458747
2020-01-14,0.0,0.0,0.0,0.0027215603816601597
2020-01-15,0.0,0.0,0.0,-0.004071311190187776
2020-01-16,0.0,0.0,0.0,0.002647331317426671
2020-01-17,0.0,0.0,0.0,-0.007377714932046087
2020-01-20,0.0,0.0,0.0,-0.018190288372245567
2020-01-21,-0.0,-0.0,-0.0,-0.008407010031556528
2020-01-22,0.0,0.0,0.0,-0.0028127597546678818
2020-01-23,0.0,0.0,0.0,0.003223589597725951
2020-01-24,-0.0,-0.0,-0.0,-0.00024100288351003307
2020-01-27,0.0,0.0,0.0,-0.0251897144648483
2020-01-28,0.0,0.0,0.004266106131138132,0.008242644980868574
2020-01-29,0.0,0.0,0.005953138656760683,0.010341761822449724
2020-01-30,0.0,0.0,-0.0009999999999999998,-0.0079298100922639
2020-01-31,0.0,0.0,0.0,0.00020387967636992244
2020-02-03,-0.009475993225348664,0.0,0.0,-0.027317833303366568
2020-02-04,0.008203667277551799,0.02255820139905884,0.02000356865614308,0.031019376442667168
2020-02-05,0.008438645985736055,0.010969186876255031,-0.001,0.012075207585741543
2020-02-06,0.002930121549229345,-0.0019527276323043346,0.0,-0.0038968737855820113
2020-02-07,0.007399923807758333,0.003459349519575814,0.0,0.0019357707482732245
2020-02-10,-0.0009999999999999998,-0.0028784596779642692,-0.0,-0.001529256307892246
2020-02-11,0.0,-0.0006170708374007996,0.0,0.00024167568285271557
2020-02-12,0.0,0.0020208116341676346,0.0,0.006770881019219521
2020-02-13,0.0,-0.001,0.0,-0.006084770577611587
2020-02-14,0.0,0.0,0.0,-0.017762411103517395
2020-02-17,-0.0,-0.0,-0.0,-0.0018040642857587441
2020-02-18,0.0,0.0,0.0,-0.0032042315791127596
2020-02-19,0.0014743200002787836,0.0,0.0,0.011497978891144678
2020-02-20,0.0006207159054262244,0.0,0.0,-0.008230067390195495
2020-02-24,-0.0004814262023389456,0.0,0.0,-0.005874612290766135
2020-02-25,-0.0031021011524188223,0.0,0.0,-0.007975469621850029
2020-02-26,0.002443393171729685,0.0,0.0,-0.0008748174916782814
2020-02-27,-0.004955834086101795,0.0,0.0,0.00016659573147870255
2020-02-28,0.010365357340154868,0.0,0.0,-0.018174915167745942
2020-03-02,0.007606159956242486,0.0,0.0,0.001655908729559341
2020-03-03,-0.0009999999999999998,0.0,0.0,0.001865079237268974
2020-03-04,0.0,0.0,0.0,-0.027881206558249327
2020-03-05,0.0,0.0,-0.005349800859278224,0.0021757990930064697
2020-03-06,-0.001558576703478166,-0.0038289167705156495,-0.008362246054191436,-0.014287222789645115
2020-03-09,0.004993215139786608,0.00139359689632518,-0.011714581014708656,-0.024319404823801127
2020-03-11,-0.0008109882200991675,-0.0006050226605560485,0.0030071737781768013,0.005870062138844556
2020-03-12,0.000225284857126265,0.00036007884862401514,-0.0474913567508842,-0.08304895729701534
2020-03-13,0.021197927409025104,0.01935313158812833,-0.001,0.0474883878413217
2020-03-16,-0.0009999999999999998,-0.001,0.0,-0.0657130880363116
2020-03-17,0.0,0.0,-0.010538345150964419,-0.02441232050381159
2020-03-18,0.0,-0.014093939597535965,-0.054341035032013915,-0.10070752145535755
2020-03-19,0.0,0.0066080320981054845,-0.001,0.021268062401236465
2020-03-20,-0.0,0.028587793138890972,-0.021215659739385394,-0.014181329228247663
2020-03-23,0.0,-0.001,-0.07208655751650044,-0.12606887404501854
2020-03-24,-0.0,-0.0,-0.001,-0.004989935483345143
2020-03-25,-0.006404200126754313,-0.009019855985215854,0.06679066555877329,0.11599571150712884
2020-03-26,-0.008119674258124904,-0.009983236672598891,-0.001,0.05176534848454484
2020-03-27,-0.008040020460233341,-0.008496582879383091,0.0,0.0037178085669160588
2020-03-30,-7.2199235798958705e-06,0.0035736717141779694,0.0,-0.08049088294544249
2020-03-31,0.016648421368744917,0.01558951392296383,0.0,0.036373509195574805
2020-04-01,0.02749917981903169,0.03122221920483732,0.0,-0.03741736077987512
2020-04-03,-0.0009999999999999998,-0.0009999999999999998,0.0,-0.01904430519966671
2020-04-07,0.0,-0.02024183419151514,0.0,0.10106283182557085
2020-04-08,0.0,-0.0009438118865895892,0.0036105465692727037,-0.00803471255474808
2020-04-09,0.0,0.019169589473019995,-0.01750539909932931,0.04066808361811636
2020-04-13,0.0,0.0059012106651310705,0.021843300479090173,-0.0321062201300496
2020-04-15,0.0,-0.015794576162437797,0.01551377832190822,-0.03579617401951529
2020-04-16,0.0,-0.028263802563447536,-0.0009999999999999998,0.019054923505781973
2020-04-17,0.007513401711406767,0.008765151707466919,0.0,0.03472559870990155
2020-04-20,-0.022051985941152295,-0.02208822143026525,0.0,0.03795456306831513
2020-04-21,-0.009003055506471864,-0.008587016129558861,0.009835948816353541,-0.024554026241201288
2020-04-22,0.006408440502735441,0.0060224124368110235,-0.0018162903430159936,0.007540827640997172
2020-04-23,0.02998872077633466,0.027792344786622715,-0.004330089156889189,0.028375907517191212
2020-04-24,0.004382132423239605,0.004940620145532895,0.012186064293389072,-0.017697196202190568
2020-04-27,0.03099233700604508,0.02995293129016834,-0.0009999999999999998,-0.008901347967288142
2020-04-28,-0.0009999999999999998,-0.001,0.0,0.0018284580675331785
2020-04-29,0.0,0.0,0.0,0.04906593981595053
2020-04-30,0.0,0.0,0.0,0.025278883529999963
2020-05-04,0.0,0.0,0.0,-0.07865838280583393
2020-05-05,0.0,0.0,0.0,-0.012513564055342208
2020-05-06,0.0,0.0,0.0,0.038345500616024264
2020-05-07,0.0,0.0,0.0,-0.022612063103142233
2020-05-08,0.0,0.0,0.0,0.004378347521694748
2020-05-11,0.0,0.0,0.0,-0.014261884798237423
2020-05-12,0.0,0.0,0.0,-0.015560096599345652
2020-05-13,0.0,0.0,0.0,0.028950105910059643
2020-05-14,0.0,0.0,0.0,-0.0365979368339705
2020-05-15,-0.0,-0.0,-0.0,-0.006209955939393663
2020-05-18,0.0,0.0,0.0,-0.057985788871344424
2020-05-19,-0.0,-0.0,-0.0,-0.007171363526787267
2020-05-20,0.0,0.0,0.0,0.03184248354117103
2020-05-21,0.0,0.0,0.0,0.002858339909807661
2020-05-22,-0.0,-0.0,-0.0,-0.024082302602409178
2020-05-26,0.0,0.0,0.0,0.016153086168326114
2020-05-27,0.0,0.0,0.0,0.06012433789062688
2020-05-28,0.0,0.0,0.0,0.046035596130843404
2020-05-29,0.0,0.0,0.0,0.006770721913506694
2020-06-01,0.0,0.0,0.0,0.03782894759484523
2020-06-02,0.0,0.0,0.0,0.013516897830130548
2020-06-03,0.0,0.0,0.0,0.021228823544385822
2020-06-04,0.0,0.0,0.0,-0.02010265093472563
2020-06-05,0.0,0.0,0.0,0.03159622094891912
2020-06-08,0.0,0.0,0.0,-0.016886806063914683
2020-06-09,0.0,0.0,0.0,-0.028152404666161646
2020-06-10,0.0,0.0,0.0,0.004608498253899418
2020-06-11,0.0,0.0,0.0,-0.023441026601191517
2020-06-12,0.0,0.0,0.0,0.014608755988497757
2020-06-15,0.0,0.0,0.0,-0.03347758519386013
2020-06-16,0.0,0.0,0.0,0.042691184357772416
2020-06-17,0.0,0.0,0.0,-0.011258256069883954
2020-06-18,0.0,0.0,0.0,0.04156245026928751
2020-06-19,0.0,0.0,0.0,0.013137908509702756
2020-06-22,-0.0,-0.0,-0.0,-0.004451493221366509
2020-06-23,0.0,0.0,0.0,0.01317127554762565
2020-06-24,0.0,0.0,0.0,-0.009402212334793103
2020-06-25,-0.0,-0.0,-0.0,-0.0036319846853680726
2020-06-26,0.0,0.0,0.0,0.026925743650100253
2020-06-29,0.0,0.0,0.0,0.01855280943464077
2020-06-30,-0.0,-0.0,-0.0,-0.009479201822168992
2020-07-01,0.0,0.0,0.0,0.017591648018803197
2020-07-02,0.0,0.0,0.0,0.004425778225509269
2020-07-03,-0.0,-0.0,-0.0,-0.014182162996172143
2020-07-06,0.0,0.0,0.0,0.02704959493951775
2020-07-07,0.0,0.0,0.0,0.0019493496901967777
2020-07-08,0.0,0.0,0.0,0.00470516132167953
2020-07-09,0.0,0.0,0.0,0.013148764512872058
2020-07-10,0.0,0.0,0.0,-0.017645070125976492
2020-07-13,0.0,0.0,0.0,-0.022486715563871496
2020-07-14,0.0,0.0,0.0,-0.019810222851893933
2020-07-15,0.0,0.0,0.0,-0.0053831747578744205
2020-07-16,0.0,0.0,0.0,0.008925684172146342
2020-07-17,0.0,0.0,0.0,0.033786544232218496
2020-07-20,0.0,0.0,0.0,0.03149912451411763
2020-07-21,0.012296202556698919,0.013433896916194876,0.0,0.004854201106284206
2020-07-22,-0.0011470601326848935,-0.001977975606544273,0.0,-0.010715518988218653
2020-07-23,0.01045878607332741,0.011538282300832599,0.0,0.003595601439450258
2020-07-24,-0.004207000856835937,-0.001,0.0,-0.009996451238369453
2020-07-27,0.006625830619484754,0.0,0.0,-0.03538552364527303
2020-07-28,0.020794999097277014,0.0,0.0,0.006623427973497575
2020-07-29,-0.0009999999999999998,-0.011969479114573765,-0.0,-0.020291839644445142
2020-07-30,0.0,-0.003901984739381016,0.0,-0.013103442250159358
2020-07-31,0.0,0.0003485820404886819,0.0,-0.01698943928702945
2020-08-03,0.0,0.0103302605804088,0.0,-0.029821853063026094
2020-08-04,0.0,0.010840723264064534,0.0,0.03957090761416637
2020-08-05,-0.0,-0.010290065220773323,-0.0,-0.013536273889886541
2020-08-06,0.0,0.0030907900558316175,0.0,0.012797281350665157
2020-08-07,0.0,0.0002971911054415065,0.0,0.003026934810247628
2020-08-10,0.0,-0.0046413904305840055,0.0,0.006514344214587409
2020-08-11,0.0,0.0047925380585778655,0.0,0.015228821682399474
2020-08-12,0.0,0.011051258591848538,0.0,-0.0027658644014066924
2020-08-13,-0.0,-0.0023975015445715188,-0.0,-0.004371406952584533
2020-08-14,0.0,0.00184603479571818,0.0,-0.023228522614574754
2020-08-17,-0.0,-0.009301924684907035,-0.0,-0.0016433059204162825
2020-08-18,0.0,-0.006550755407690284,0.0,0.022996897880730227
2020-08-19,0.0,0.009771819616728735,0.0,0.00955974694586903
2020-08-20,0.0,0.0028180748336630586,0.0,-0.007125393437840688
2020-08-21,0.0,0.012333349018808708,0.0,0.025165263795787096
2020-08-24,0.0,-0.001,0.0,0.028922738367336498
2020-08-25,0.0,0.0,0.0,0.0023723793494159207
2020-08-26,-0.0,-0.0,-0.0,-0.0011164557409307774
2020-08-27,0.0,0.0,0.0,-0.005677423617046817
2020-08-28,0.0,0.0,0.0,0.002158168798486626
2020-08-31,0.0,0.0,0.0,0.0012112380889239827
2020-09-01,0.0,0.0,0.0,0.010261230610350447
2020-09-02,0.0,0.0,0.0,0.0060765628086976164
2020-09-03,0.0,0.0,0.0,-0.0028656621524324466
2020-09-04,0.0,0.0,0.0,-0.010257201571005403
2020-09-07,0.0,0.0,0.0,-0.007862225419923652
2020-09-08,0.0,0.0,0.0,0.0017558026842556806
2020-09-09,0.0,0.0,0.0,-0.014337593983899888
2020-09-10,0.0,0.0,0.0,-0.005426243361019711
2020-09-11,-0.0,-0.0,-0.0,-0.01091199657095654
2020-09-14,0.0,0.0,0.0,-0.019190661496557904
2020-09-15,0.0,0.0,0.0,0.011862643724420696
2020-09-16,0.0,0.0,0.0,0.021625304654365962
2020-09-17,0.0,0.0,0.0,-0.009189433660661162
2020-09-18,0.0,0.0,0.0,-0.024270787938271865
2020-09-21,-0.0,-0.0,-0.0,-0.007566487342401396
2020-09-22,0.0,0.0,0.0,-0.013246934042506764
2020-09-23,0.0,0.0,0.0,0.011444883393186611
2020-09-24,0.0,0.0,0.0,-0.0160897784530335
2020-09-25,0.0,0.0,0.0,0.013198753321811418
2020-09-28,0.0,0.0,0.0,0.009769954836758465
2020-09-29,0.0,0.0,0.0,0.007920861721951278
2020-09-30,0.0,0.0,0.0,0.015105118851113541
2020-10-01,0.0,0.0,0.0,0.02628394703638004
2020-10-05,0.0,0.0,0.0,0.006685116174975025
2020-10-06,0.0,0.0,0.0,0.02669726677586204
2020-10-07,0.0,0.0,-0.015527542008266036,0.015864082350320885
2020-10-08,-0.015086392213244858,-0.01921773184436183,-0.020283857199523983,0.02542474616678736
2020-10-09,-0.017035200762939535,-0.02403010142308592,-0.02681012812123653,0.03503099363198747
2020-10-12,0.005080196252776026,0.009650251062565899,0.01103007773901047,-0.016132403426274422
2020-10-13,0.018664004987907348,0.01588963849717442,0.015368078106912129,-0.012524112649115238
2020-10-14,-0.002038976199480232,-0.005876773087047569,-0.001,0.010889079317417671
2020-10-15,0.00014558385806448526,0.014919775785659666,0.0,-0.03487412678158186
2020-10-16,-0.0017977229981146169,-0.012621251919655222,0.0,0.025743131159379207
2020-10-19,0.013822408253771453,0.005796658652708084,0.0,0.00350182311522218
2020-10-20,-0.011158918570078979,-0.013693085054299501,0.0,0.01694968758157156
2020-10-21,0.00025789599094506836,-0.007394988218739013,0.0,0.01858724122096711
2020-10-22,0.005103960107938169,0.006976683457712535,0.0,-0.010748123176770319
2020-10-23,-0.004687739081813634,-0.003998361250245438,0.0,0.0020270241560262914
2020-10-26,0.0223832985085606,0.021814861274320006,-0.0,-0.02014887920786035
2020-10-27,0.05337893657758377,0.039731831066946784,0.0,0.01833358217513692
2020-10-28,-0.0009999999999999998,-0.001,0.0,-0.01905777498615102
2020-10-29,-0.0,-0.0,-0.0,-0.01851845634149285
2020-10-30,0.0,0.0,0.00021854186469526422,-0.0030742939850040285
2020-11-02,0.0,0.0,0.015329839795848356,0.026783531079440648
2020-11-03,0.0,0.0,-0.0009999999999999998,0.026908083345632106
2020-11-04,0.0,0.0,0.0,0.007572313117997664
2020-11-05,0.0,0.0,0.0,0.009384591436704781
2020-11-06,0.0,0.0,0.0,0.03029482881864598
2020-11-09,0.0,0.0,0.0,0.025159508024793498
2020-11-10,0.0,0.0,0.0,0.03961058754211244
2020-11-11,-0.0,-0.0,0.008608363942134968,-0.002654789723469775
2020-11-12,0.0,0.0,0.002770787626869514,-0.013130008889192135
2020-11-13,-0.0,-0.0,-0.001,-0.00940439590036879
2020-11-14,0.0,0.0,0.0,0.00802169818306342
2020-11-17,0.0,0.0,0.0,0.028290828558319214
2020-11-18,0.0,0.0,0.0,0.00017756946928781936
2020-11-19,0.0,0.0,0.0,-0.02438426465113519
2020-11-20,0.0,0.0,0.0,0.02131913297025978
2020-11-23,-0.0,-0.0,-0.0,-0.006447401984845502
2020-11-24,0.0,0.0,0.0,0.03126348930789602
2020-11-25,0.0,0.0,0.0,-0.024614119124907075
2020-11-26,0.0,0.0,0.0,0.01700176211355009
2020-11-27,0.0,0.0,0.0,0.00995330976843678
2020-12-01,0.0,0.0,0.0,-0.005239846547091309
2020-12-02,0.0,0.0,0.0,-0.018384330231315027
2020-12-03,-0.0,-0.0,-0.0,-0.021144915595768476
2020-12-04,0.0,0.0,0.0,0.00609939450301078
2020-12-07,0.0,0.0,0.0,-0.009634930295625788
2020-12-08,0.0,0.0,0.0,0.002951575206119106
2020-12-09,0.0,0.0,0.0,0.022451284934313698
2020-12-10,-0.0,-0.0,-0.0,-0.015171981553983693
2020-12-11,-0.0,-0.0,-0.0,-0.002200654628341847
2020-12-14,-0.0,-0.0,-0.0,-0.007701988178612562
2020-12-15,0.0,0.0,0.0,0.013956270993769726
2020-12-16,0.0,0.0,0.0,0.013943838574981049
2020-12-17,0.0,0.0,0.0,0.022045716076221744
2020-12-18,0.0,0.0,0.0,-0.02111940238156529
2020-12-21,0.0,0.0,0.0,-0.027420485817227003
2020-12-22,0.0,0.0,0.0,0.0003277511603241301
2020-12-23,0.0,0.0,0.0,0.0018571887229097417
2020-12-24,0.0,0.0,0.0,0.015592513018601206
2020-12-28,0.0,0.0,0.0,0.011273351389575081
2020-12-29,0.0,0.0,0.0,0.010156795425056098
2020-12-30,0.0,0.0,0.0,0.0037136580201602154
2020-12-31,0.0,0.0,0.0,0.0026526625351406263
2021-01-01,0.0,0.0,0.0,-0.007832585474704556
2021-01-04,0.0,0.0,0.0,-0.006350672323271911
2021-01-05,0.0,0.0,0.0,0.0075565636648400325
2021-01-06,-0.0,-0.0,-0.0,-0.004310641682581884
2021-01-07,0.0,0.0,0.0,-0.003026998871077491
2021-01-08,0.0,0.0,0.0,0.010873650506680654
2021-01-11,0.0,0.0,0.0,0.013830129519113
2021-01-12,0.0,0.0,0.0,0.020359075835858276
2021-01-13,0.0,0.0,0.0,-0.006988545621397835
2021-01-14,-0.0,-0.0,-0.0,-0.0012918805547657009
2021-01-15,0.0,0.0,0.0,-0.0014298464525089871
2021-01-18,0.0,0.0,0.0,0.01121611467441963
2021-01-19,0.0,-0.0017219916641270172,0.0,0.013990866857093609
2021-01-20,0.0,0.004048417287574896,0.0,-0.007879666644364902
2021-01-21,0.0,0.0012745579719196296,0.0,-0.011528158938406308
2021-01-22,0.0,0.006179141401440993,0.0,-0.02118942107495181
2021-01-25,0.0,-0.015370716673582056,0.0,0.013369979110854135
2021-01-27,0.008051335125024024,0.016398863302918783,0.0,-0.03640161705755707
2021-01-28,0.0008367332200970874,0.009309223342253262,0.0,-0.027064359211454114
2021-01-29,-0.009683939151755114,-0.001,0.010860751084002564,0.013890313825489553
2021-02-01,-0.0032903277577692597,0.0,0.03371762053571994,0.06202807500864438
2021-02-02,-0.010291888353111869,0.0,-0.001,0.056746336826868804
2021-02-03,-0.006940138521051209,-0.009338068175552917,-0.009063073812207233,0.009131269693862576
2021-02-04,0.014909368659356074,0.001988710554170411,0.005921696756942405,0.0027304245464510046
2021-02-05,0.013882726179873843,-0.005562281404877718,0.000893466647077907,0.011715550667634744
2021-02-08,-0.008971171101866448,-0.0061791142695567245,-0.006856607225321281,0.0047885494673953755
2021-02-09,-0.004099045050918888,-0.0041561641030134445,-0.004106751586751281,0.004111352895122655
2021-02-10,0.009797309516711882,0.01522644153688561,0.014262437867861051,-0.018673967919278778
2021-02-11,0.005241567702784986,0.005667815793604628,-0.001,-0.0059429200715681585
2021-02-12,-0.005572786258552034,-0.005902913025908282,0.0,0.006105514068170281
2021-02-15,-0.001351132525813297,-0.013189292994675849,0.0,0.02190334434198249
2021-02-16,0.005758733486455711,-0.0005128917582070937,0.0,0.006216765866785101
2021-02-17,0.004210842959498606,0.013676116520826417,0.0,-0.02468265974412398
2021-02-18,-0.0016101618495094408,0.007791079494128396,0.0,-0.020296073066886966
2021-02-19,0.0029496133800507225,0.005802000489046714,0.0,-0.009779416722859091
2021-02-22,9.473647628051047e-05,-0.001,0.0,0.00578244237284431
2021-02-23,-0.014419208339881251,0.0,0.0,-0.012176803325076424
2021-02-24,-0.013893206551596966,0.0,0.0,0.050550851098810634
2021-02-25,-0.004227708309897473,0.0,0.0,-3.123455602072056e-05
2021-02-26,-0.009706235398084646,0.0,0.0,-0.044820541268539404
2021-03-01,0.011151634385218188,0.0,0.0,0.0159671594390145
2021-03-02,-0.00309427775705393,0.0,0.0,0.005965571713718809
2021-03-03,0.009607793757559543,0.0,0.0,0.011892636450033578
2021-03-04,0.010113884564883891,0.0,0.0,-0.02193015914531593
2021-03-05,0.01361890019808168,-0.0,-0.0,-0.014207014470713819
2021-03-08,-0.0009999999999999998,0.0,0.0,-0.006862772633098202
2021-03-09,0.0,0.0,0.0,0.028298806495982376
2021-03-10,0.0,0.0,0.0,-0.004319927516576616
2021-03-12,0.0,0.0,0.0,-0.002442680954979015
2021-03-15,0.0,0.0,0.0,-0.0150132617933727
2021-03-16,0.0,0.0,0.0,-0.010793855990960721
2021-03-17,0.0,0.0,0.0,-0.011110122474207174
2021-03-18,0.0,0.0,0.0,-0.0029087883150132887
2021-03-19,0.0,0.0,0.0,0.0043593481319024185
2021-03-22,0.0,0.0,0.0,-0.01893154972208866
2021-03-23,0.0,0.0,0.0,0.021100589287703198
2021-03-24,0.0,0.0,0.0,-0.014231830975829363
2021-03-25,0.0,0.0,0.0,-0.010447738451019206
2021-03-26,0.0,0.0,0.0,0.01910011616169527
2021-03-30,0.0,0.0,0.0,0.041842574078334804
2021-03-31,0.0,0.0,0.0,-0.03864970439527471
2021-04-01,-0.0,-0.0,-0.0,-0.004619484775751026
2021-04-05,0.0,0.0,0.0,-0.024987425526867835
2021-04-06,-0.0,-0.0,-0.0,-0.0064500817500797725
2021-04-07,0.0,0.0,0.0,0.004825508857454475
2021-04-08,0.0,0.0,0.0,-0.009950119046746142
2021-04-09,-0.0,-0.00924779085419767,-0.0,-0.007712278062616762
2021-04-12,0.0,-0.00781840996306029,0.0,-0.03847362033334867
2021-04-13,0.0,0.004722031458243984,0.01248396774377843,0.024358976324798887
2021-04-15,0.0,0.012187537880460451,0.01630735031295662,0.021244852718639295
2021-04-16,0.0,0.001826155850211327,-0.001,-0.001014109682695441
2021-04-19,0.0,0.010526998208631186,0.0,-0.01137441862192523
2021-04-20,0.0,-0.007186058003389817,0.0,-0.014868277816488362
2021-04-22,0.0,0.00152400292816904,0.0,0.02235179456788572
2021-04-23,0.0,-0.0026492958252629932,0.0,-0.005870159131063923
2021-04-26,-0.0,-0.010373633725300186,-0.0,-0.0066117731417618675
2021-04-27,0.0,0.015315759990415033,0.0,0.024131619350469924
2021-04-28,0.0,-0.0022545573946362724,0.0,0.026482338081053713
2021-04-29,0.0,9.618072288241798e-05,0.0,-0.0029117032337275806
2021-04-30,0.0,-0.007732959639728694,0.0,-0.040882795127022975
2021-05-03,0.0,0.00696192165615556,0.0,0.0015221550130606332
2021-05-04,-0.0,-0.011873796176572396,-0.0,-0.01845224201872453
2021-05-05,0.0,-0.004707406191060292,0.0,0.010263840789635159
2021-05-06,-0.0,-0.005261628876376633,-0.0,-0.0012120228255581011
2021-05-07,0.0,0.007327080862546274,0.0,0.009886662352978748
2021-05-10,0.0,-0.005742661547399005,0.0,0.0036046557713940164
2021-05-11,0.0,0.007862196566884421,0.0,-0.0114798863009975
2021-05-12,0.0,0.008208413124174576,0.0,-0.002885752897187288
2021-05-14,0.0,-0.001493583539429549,0.0,-0.00903888131568864
2021-05-17,0.0,0.010097260238446235,0.0,0.038504516737391636
2021-05-18,0.0,-0.001,0.0,0.025308156164232987
2021-05-19,0.0,0.0,0.004874188777284692,-0.012527950590488945
2021-05-20,0.0,0.0,0.009788583316153426,-0.017418679273507487
2021-05-21,0.0,0.0,-0.001,0.04501687775171548
2021-05-24,0.0,0.0,-0.007408112905430758,0.008448393802457987
2021-05-25,0.007015730065666447,0.0,0.014387120178398249,-0.02053043545107125
2021-05-26,-0.0022851930265849934,0.0,-0.001,-0.0012847188788300823
2021-05-27,0.009027056640586563,0.0,0.0,0.003791438759917609
2021-05-28,4.669449932502914e-05,0.0,0.0,0.014028689697196173
2021-05-31,-0.0019944393771172543,0.0,0.0,0.008247836458066926
2021-06-01,-0.0017335009350086205,0.0,0.0,-0.0027378225106604592
2021-06-02,-0.0015324360578606562,0.0,0.0,-0.005093496906229067
2021-06-03,0.0036881423992618035,0.0,0.0,0.011003864266190932
2021-06-04,0.0053782480128602116,0.0,0.0,-0.012890062304509509
2021-06-07,-0.0009999999999999998,-0.0,-0.0,-0.0007328414206579925
2021-06-08,0.0,0.0,0.0,-0.011201060761435233
2021-06-09,0.0,0.0,0.0,-0.0018542163678807455
2021-06-10,0.0,0.0,0.0,0.000506675011832769
2021-06-11,0.0,0.0,0.0,0.0035783658403834018
2021-06-14,0.0,0.0,0.0,-0.004642260862483205
2021-06-15,0.0,0.0,0.0,0.00730004765925063
2021-06-16,0.0,0.0,0.0,-0.00379126237362426
2021-06-17,-0.0,-0.0,-0.0,-0.012461373686162625
2021-06-18,0.0,0.0,0.0,0.009344758825692523
2021-06-21,0.0,0.0,0.0,0.006014161592302614
2021-06-22,0.0,0.0,0.0,-0.0032914815380640228
2021-06-23,0.0,0.0,0.0,0.001145783944191514
2021-06-24,0.0,0.0,0.0,0.013968351455840189
2021-06-25,-0.004702618894481395,0.0,0.0,0.005875414186649497
2021-06-28,0.001573453451106138,0.0,0.0,-0.004454990638388945
2021-06-29,-0.008170810706801878,0.0,0.0,0.00013323765236994412
2021-06-30,0.0013359361365291287,0.0007218701859085432,-0.0,-0.002763053726700826
2021-07-01,0.006702549418296646,0.006880520069357751,-0.0,-0.007443712346446696
2021-07-02,0.0017791577236636045,0.0027085067252103022,0.0,-0.0042711105870197885
2021-07-05,-0.00011215895301797379,-0.004428732239993044,0.0,0.010166163472091982
2021-07-06,-0.005454674531733867,-0.01462194839761974,0.0,0.026246231964939915
2021-07-07,0.00038557499497546494,-0.0011340941785245222,0.0,0.0031277278796846275
2021-07-08,-0.002665480107988217,0.0030573815981368574,0.0,-0.01237420656762711
2021-07-09,0.0022147050923689983,0.006559494222118547,0.0,-0.012134594399773047
2021-07-12,0.00840186631896908,0.009113100605076243,-0.0,-0.009986616769769308
2021-07-13,-0.0002955421685164267,-0.0009999999999999998,0.0,0.00998656071975601
2021-07-14,0.0011648192503796806,-0.0,-0.0,-0.0017978398995731615
2021-07-15,-0.0063888388606453605,0.0,0.0,0.014374775615741742
2021-07-16,-0.000686999622682843,0.0,0.0,0.0010851136560052765
2021-07-19,0.00842634378102579,0.0,0.0,-0.03373084847454011
2021-07-20,0.0031128936461158486,0.0,0.0,-0.018932651057103067
2021-07-22,-0.0009999999999999998,0.0,0.0011818724347357188,0.0038458816354631775
2021-07-23,-0.0,-0.0,-0.005412370999458349,-0.004107219184623312
2021-07-26,-0.0,-0.0,-0.006844024187947039,-0.005683352656376761
2021-07-27,0.0,0.0,0.008918143491206456,0.003624786289191162
2021-07-28,0.0,0.0,-0.001,-0.015593083789993467
2021-07-29,0.0,0.0,0.0,0.0006702195111558673
2021-07-30,0.0,0.0,0.0,0.005781807275114348
2021-08-02,-0.0,-0.0,-0.0,-0.002663864472671418
2021-08-03,0.0,0.0,0.0,0.00847002199042346
2021-08-04,0.0,0.0,0.0,0.02132848102911611
2021-08-05,0.0,0.0,0.0,0.013341948374384405
2021-08-06,0.0,0.0,0.0,0.0052530374846986305
2021-08-09,0.0,0.0,0.0,0.007537010607518324
2021-08-10,0.0,0.0,0.0,0.002493369533133727
2021-08-11,0.0,0.0,0.0,-0.00842354501833964
2021-08-12,0.0,0.0,0.0,0.0043144346349845986
2021-08-13,0.0,0.0,0.0,0.016517908069906717
2021-08-16,0.0,0.0,0.0,0.0028830944187780982
2021-08-17,-0.0,-0.0,-0.0,-0.010420788533092917
2021-08-18,0.0,0.0,0.0,-0.001089447798096832
2021-08-20,0.0,0.0,0.0,0.0011567638786877943
2021-08-23,-0.00011157620577700715,0.0,0.0,0.006502669530562555
2021-08-24,-0.014456719749763692,0.0,0.0,0.02246479707151061
2021-08-25,-0.001883069617325436,0.0,-0.0014744547455771398,-0.0009301080105186266
2021-08-26,0.0008984520030204308,-0.0,0.0012822564920094643,-0.0016693874166500144
2021-08-27,0.006858262865467574,-0.0,0.005474075983899539,-0.004084173918354583
2021-08-30,0.0005392020363988899,0.0,-0.001,0.01278699404296324
2021-08-31,0.0012569723914104365,0.0,0.0,0.008385176630702595
2021-09-01,-0.0013731410792295236,0.0,0.0,-0.0014544964421630002
2021-09-02,0.0057660548870177245,0.0,0.0,0.006269483455527469
2021-09-03,0.008432724275934434,-0.0,-0.0,-0.008149830257020652
2021-09-06,-0.0018115952572293594,0.0,0.0,-0.006567080077754861
2021-09-07,-0.00391957240115288,0.0,0.0,0.002267399321721486
2021-09-08,0.012576317219609133,0.0,0.0,0.004556376903550596
2021-09-09,-0.0009999999999999998,-0.0,-0.0,-0.004948047814910095
2021-09-13,-0.0,-0.0,-0.0,-0.008319438634774134
2021-09-14,-0.0,-0.0,-0.0,-0.00450006872158315
2021-09-15,-0.0,-0.0,-0.0,-0.001130208016567047
2021-09-16,0.0,0.0,0.0,0.00850145755777465
2021-09-17,-0.021517934005183353,0.0,0.0,0.014231362749900445
2021-09-20,-0.005142917253087283,-0.008957151109275873,0.0,-0.014094828147706684
2021-09-21,-0.004900256126492847,-0.005016195840178736,-0.0,-0.005064605032392033
2021-09-22,0.0008381744715495361,-0.004425238757807035,0.0,-0.011759445186441009
2021-09-23,0.001441638275084308,0.011418400691490383,0.0,0.023668364771058714
2021-09-24,0.008669894065845053,0.013998189694112862,0.0,0.020095544065851456
2021-09-27,0.0057725488690343,-0.001,0.0,0.014704460582459111
2021-09-28,-0.01184249529632197,-0.0,-0.0,-0.006184248611867171
2021-09-29,0.0030808582032293462,0.0,0.0,-0.013126503405444079
2021-09-30,0.006680338605083115,0.0,0.0,0.000690180772855209
2021-10-01,-0.000635903487125306,0.0,0.0,-0.007680643063600945
2021-10-04,0.0016054343282860036,0.0,0.0,0.0019272137449251048
2021-10-05,0.005188522911978098,0.0,0.0,0.006116838618006826
2021-10-06,0.012825024050332846,0.0,0.0,0.012191105701817362
2021-10-07,-0.00044584756631231863,0.0,0.0,-0.002724656538266923
2021-10-08,0.0019023940270012905,0.0,0.0,-0.0048742209937359116
2021-10-11,-0.0009999999999999998,0.0,0.0,0.01943643171089038
2021-10-12,-0.0,-0.0,-0.0,-0.002570580790297927
2021-10-13,0.0,0.0,0.0,0.006013720122312494
2021-10-14,0.0,0.0,0.0,0.029278961899793066
2021-10-18,0.0,0.0,0.00570584857365575,-0.010133818069486322
2021-10-19,0.0,0.0,-0.005083911761344997,0.011015877173602195
2021-10-20,0.0,0.0,0.003956761570496608,-0.008793755870209252
2021-10-21,0.0,0.0,-0.001,0.001463782773794664
2021-10-22,0.0,0.0,0.0,0.0026546610062327947
2021-10-25,0.0,0.0,0.0,-0.014130614722758006
2021-10-26,-0.0,-0.0,-0.0,-0.002564897875640071
2021-10-27,0.001392144507662285,0.0,-0.002809151223040662,-0.006020251349854511
2021-10-28,0.006703704361290376,0.0,-0.011642090916198848,-0.02994888275112051
2021-10-29,0.013315143080815495,0.0,0.0032447744333097208,-0.006745809111553092
2021-11-01,-0.004674362912577627,0.0,0.0048042191766994626,0.01418328723639295
2021-11-02,0.00039940204636886153,0.0,0.000652527294375787,0.000903276155638455
2021-11-03,0.0021116005932407134,0.0,-0.001,-0.015746060663628714
2021-11-04,-0.0011086834190057646,0.0,0.0,0.007904166782488842
2021-11-08,-0.013619146870148433,0.0,0.0,0.00395243428329195
2021-11-09,-0.0031824592055701385,0.0,0.0,-0.017497308560981084
2021-11-10,-1.9041348775146807e-05,0.0,0.0,-0.010812538771625357
2021-11-11,0.0033003402451978053,0.0,0.0,-0.004468645671071858
2021-11-12,-0.0037121390368233045,0.0,0.0,0.0030355495456786397
2021-11-15,-0.004303196430182928,0.0,0.0,0.0027365779168746496
2021-11-16,0.0006865639660853964,0.0,0.0,-0.005940043357491542
2021-11-17,0.002005240062920839,0.0,0.0,-0.011110935086805052
2021-11-18,0.009923742828291738,0.0,0.0,0.0056179727408001146
2021-11-22,0.010050292526818619,0.0,0.0,-0.015623090753574154
2021-11-23,-0.007186545649010422,0.0,0.0,0.0001321367624960157
2021-11-24,-0.006626043093101648,0.0,0.0,0.00164955470630046
2021-11-25,-0.003569679434281184,0.0,0.0,0.005203974203287887
2021-11-26,0.006546260123366281,0.0,0.0,-0.02362461043597741
2021-11-29,-0.010857630791016695,0.0,0.0,0.007617812204399055
2021-11-30,0.012276563151822151,0.0,0.0,-0.005128920308706708
2021-12-01,0.005844265777629551,0.0,0.0,0.0074319412683359065
2021-12-02,0.0038981290207122502,0.0,0.0,0.014023219970721534
2021-12-03,-0.0009999999999999998,0.0,0.0,-0.007995995376386733
2021-12-06,0.0,0.0,0.0,-0.006441721096048347
2021-12-07,0.0,0.0,0.0,0.014562969522073255
2021-12-08,0.0,0.0,0.0,0.018417853408705387
2021-12-09,0.0,0.0,0.01139951939870264,-0.017344646532758135
2021-12-10,0.0,0.0,-0.001,-0.002816338745960767
2021-12-13,0.0,0.0,0.0,-0.00748743911470473
2021-12-14,0.0,0.0,0.0,-0.0057571482029304955
2021-12-15,-0.0,-0.0,-0.0,-0.0016306847252280932
2021-12-16,0.0,0.0,0.0,6.670099405359231e-05
2021-12-17,0.0,0.0,0.0,-0.018032067559861198
2021-12-20,0.0,0.0,0.0,-0.03217813978860273
2021-12-21,0.0,0.0,0.0,0.011328004872126263
2021-12-22,0.0,0.0,0.0,0.002358201647095104
2021-12-23,-0.0,-0.0,-0.0,-0.0007611712234494306
2021-12-24,0.0,0.0,0.0,-0.003600816075376989
2021-12-27,0.0,0.0,0.0,0.008270385433068794
2021-12-28,0.0,0.0,0.0,0.006892610451567194
2021-12-29,0.0,0.0,0.0,-0.004757750319906884
2021-12-30,0.0,0.0,0.0,0.005262043428210461
2021-12-31,0.0,0.0,0.0,0.012247659014862355
2022-01-03,0.0,0.0,0.0,0.0272069195044351
2022-01-04,0.0,0.0,-0.0014575089119142851,0.005856708793870347
2022-01-05,0.0,0.0,-0.008166422702445659,0.023747847959019408
2022-01-06,0.0,0.0,0.00793445657611584,-0.01603979986365711
2022-01-07,0.0,0.0,-0.003557998627350425,0.0070140941840364235
2022-01-10,0.0,0.0,0.001734591523935848,0.005546414541822697
2022-01-11,0.0,0.0,-0.0046862247125073085,0.0043292940755785825
2022-01-12,-0.0,-0.0,0.0070113732689503295,-0.00590714705564821
2022-01-13,0.0,0.0,-0.001,-0.018404873530600496
2022-01-14,0.0,0.0,0.0,0.011223752914208518
2022-01-17,0.0,0.0,0.0,-0.015305945420428069
2022-01-18,0.0,0.0,0.0,0.005093665505848444
2022-01-19,0.0,0.0,0.0,-0.007062253999744583
2022-01-20,0.0,0.0,0.0,-0.0062236062003426795
2022-01-21,0.0,0.0,0.0,0.008349965318334762
2022-01-24,0.0,0.0,0.0,-0.022969198000971303
2022-01-25,0.0,0.0,0.0,0.0009417607864425914
2022-01-27,-0.0,-0.0,-0.0,-0.008803529616996597
2022-01-28,-0.0,-0.0,-0.0,-0.007932488809630489
2022-01-31,0.0,0.0,0.0,0.015342570630089147
2022-02-01,0.0,0.0,0.0,0.00760580796937238
2022-02-02,0.0,0.0,0.0,0.02284569295438854
2022-02-03,0.0,0.0,0.0,-0.01035136471260345
2022-02-04,0.0,0.0,0.0,0.005708308139831253
2022-02-07,0.0,0.0,0.0,-0.03664689331497284
2022-02-08,0.0,0.0,0.0,-0.004291191511336057
2022-02-09,0.0,0.0,0.0,0.024455279509368433
2022-02-10,0.0,0.0,0.0,0.018362675381597526
2022-02-11,0.0,0.0,0.0,-0.00409793579880624
2022-02-14,0.0,0.0,0.0,-0.029726497466201374
2022-02-15,0.0,0.0,0.0,0.02992468573915108
2022-02-16,-0.0,-0.0,-0.0,-0.0013506899338964207
2022-02-17,0.0,0.0,0.0,-0.006102504694780575
2022-02-18,0.0,0.0,0.0,0.0038831373595549223
2022-02-21,0.0,0.0,0.0,0.006446919052541578
2022-02-22,-0.0,-0.0,-0.0,-0.007489652268042324
2022-02-23,-0.0,-0.0,-0.0,-0.006487117897029826
2022-02-24,0.0,0.0,0.0,-0.05430064267461665
2022-02-25,0.0,0.0029519139708043046,0.009557624317148062,0.025855981272646877
2022-02-28,0.0,-0.01018109013923412,-0.013413237813362988,-0.020500083314371143
2022-03-02,-0.008327518920478458,-0.015458671634099561,-0.022240391760314462,-0.03645927223036072
2022-03-03,0.0027888955169408274,-0.001,0.0001348055302929389,-0.0023648628125180204
2022-03-04,0.009969305762683846,0.005956096421952135,0.003125049784726728,-0.0032822532258791615
2022-03-07,-0.002889516634247226,-0.008534363451337743,-0.017186214394500535,-0.03051587866388572
2022-03-08,-0.0022842379829860495,-0.001614367143975419,7.58138542310664e-05,0.002264477101044049
2022-03-09,0.010989281097078326,0.01365122848269172,0.02226389815810776,0.03264795065519799
2022-03-10,0.003069880274566483,0.004464953297122523,-0.001,0.015716692917760566
2022-03-11,-0.0009999999999999998,-0.0007072326211289458,0.0,0.0029439392700481015
2022-03-14,0.0,0.010677452423980223,0.0,0.03275353938226422
2022-03-15,0.0,-0.001,0.0009748603999370307,-0.012859147103199131
2022-03-16,0.0,0.0,-0.00885669195809347,0.016959069148789974
2022-03-17,0.0,0.0,-0.008019588592866361,0.022028280085569785
2022-03-21,0.0,0.0,-0.009198679056250192,0.0043577808210051305
2022-03-22,0.0,0.0,0.0005262773025492213,0.005146466359869484
2022-03-23,0.0,0.0,0.0021024739633457657,-0.009972208527624704
2022-03-24,0.0,0.0,0.010487189726630902,-0.02474239658892685
2022-03-25,-0.0,-0.0,-0.001,-0.008144633132087242
2022-03-28,0.0,0.0,0.0,0.0013278811744172891
2022-03-29,0.0,0.0,0.0,0.013260838274419484
2022-03-30,0.0,0.0,0.0,0.01732312018686777
2022-03-31,0.0,0.0,0.0,-0.00446858503904124
2022-04-01,0.0,0.0,0.0,0.02424585786398792
2022-04-04,0.0,0.0,0.0,0.10013291381822986
2022-04-05,0.0036459195033873926,0.0075232233347449695,0.01600508794833506,-0.029303485669803675
2022-04-06,0.010722388336945003,0.014963503146208656,0.0231711524775272,-0.03569117514658615
2022-04-07,0.006872117678309609,0.009699958690396922,-0.001,-0.02198782796989729
2022-04-08,0.005947076661056015,0.005003786980440898,-0.0,-0.0013844782427154811
2022-04-11,0.005601627104431908,0.007026087658388306,0.0,-0.012214044713176775
2022-04-12,0.006185142772319946,0.005190189438221134,-0.0,-0.0017712964702671918
2022-04-13,0.002864718158497573,-0.0009999999999999998,0.0,-0.019116100977452755
2022-04-18,-0.0009999999999999998,0.0,0.0,-0.047442010887606356
2022-04-19,0.0,0.0,-0.023194765262542646,-0.038159522255101885
2022-04-20,0.0,0.0,0.004686230415974511,0.009015025885435124
2022-04-21,0.0,0.0,0.005290069663570033,0.01480456430160415
2022-04-22,0.0,0.0,-0.005502077727469329,-0.013642672406060874
2022-04-25,0.0,0.0,0.005452774244689526,0.007487416886400755
2022-04-26,0.0,0.0,-0.0009999999999999998,0.004612741730780634
2022-04-27,0.0,0.0,0.0,0.0003645107954235449
2022-04-28,-0.0,-0.0,-0.0,-0.0008743550799698019
2022-04-29,0.0,0.0,0.0,0.009662088487783604
2022-05-02,0.0,0.0,0.0,0.013794634222491942
2022-05-04,-0.0,-0.0,-0.0,-0.0339816439963464
2022-05-05,-0.0,-0.0,-0.0,-0.002249410495337889
2022-05-06,-0.007225501988941058,0.0,0.0,-0.026128000146551478
2022-05-09,0.0030949434751840494,0.0021934395920900985,0.0,0.0017076880414612639
2022-05-10,-0.0008981798479949163,-0.0023000357314459613,0.0,0.016062399437045016
2022-05-11,-0.0009565670203420013,-0.0014575807833585466,0.0,0.005629946228610017
2022-05-12,0.003098413368858962,0.004504970049840095,0.0,-0.022541410748760038
2022-05-13,-0.00981169320494317,-0.009871463078596614,-0.0,-0.008979064254384439
2022-05-16,-0.004516813901370015,-0.005292298709679859,0.0,0.010647791402582873
2022-05-17,-0.004523626124043156,-0.004917969097743306,0.0,0.006819484427533107
2022-05-18,-0.001861060896383351,-0.0018670754441067888,-0.0,-7.615073724409616e-05
2022-05-19,0.007850768027890124,0.004170895631793597,0.0,-0.02043537003980256
2022-05-20,-0.0005149803587695279,0.0035368630029001384,0.0,0.026339222739455437
2022-05-23,-0.013305705510598915,-0.013277201037992447,-0.0,-0.012831636049702944
2022-05-24,-0.002339452473674307,0.0026695664477686103,0.0,0.011464820392292463
2022-05-25,-0.0032344583814622606,0.0027320686419370216,0.0,0.007468004496757885
2022-05-26,0.013492566442255544,0.026453612832078675,0.0,0.028521921834557373
2022-05-27,-0.0011932271837661098,-0.001,0.0,0.018548426966588982
2022-05-30,0.014711270902985647,0.0,0.0,0.006824349941601193
2022-05-31,0.010945896423696325,-0.0,0.0,-0.008990015898017178
2022-06-01,-0.0030500698401437756,0.0,0.0,0.004247850706930789
2022-06-02,-0.0013165099799867445,0.0,0.0,-0.006989900734202137
2022-06-03,-0.0019536087533500272,-0.0,-0.0,-0.003465463456513329
2022-06-06,-0.003607513554149524,0.0,-0.0,-0.0013403728755164712
2022-06-07,-0.00247866650555013,-0.0,0.0,-0.011498356990032654
2022-06-08,0.005219512812030952,0.0,0.0,0.0035227818260947785
2022-06-09,-0.001871624937700188,0.0,0.0,0.007532314521375705
2022-06-10,0.010990343563542155,-0.0,0.0,-0.019307547818443127
2022-06-13,-0.0009999999999999998,-0.0,0.0,-0.018133273322058274
2022-06-14,-0.0,0.0,-0.0,-0.011005605543529695
2022-06-15,0.0,-0.0,0.0,-0.0034680766332206847
2022-06-16,0.0,-0.0,0.0,-0.020000656836020925
2022-06-17,0.0,0.0,0.0,0.006594932734342862
2022-06-20,0.0,0.0,0.0,0.025121142718659728
2022-06-21,0.0,0.0,0.0,0.010891284163877302
2022-06-22,0.0,0.0,0.0,-0.0047136599662293
2022-06-23,0.0,0.0,0.0,0.003683575253849769
2022-06-24,0.0,0.0,0.0,0.013968542843448173
2022-06-27,0.0,0.0,0.0,0.0018097009878681458
2022-06-28,0.0,0.0,0.0,-0.007631414116713753
2022-06-29,0.0,0.0,0.0,-0.0014489775290641438
2022-06-30,0.0,0.0,0.0,0.0030136489224694696
2022-07-01,0.0,0.0,0.0,0.004265547961539218
2022-07-04,0.0,0.0,0.0,0.0014034274911194355
2022-07-05,0.0,0.0,0.0,-0.0022497181431893054
2022-07-06,0.0,0.0,0.0,0.013788142900654998
2022-07-07,0.0,0.0,0.0,0.017903579531060698
2022-07-08,0.0,0.0,0.0,0.0009312044963873944
2022-07-11,0.0,0.0,0.0,0.006477756334467566
2022-07-12,0.0,0.006625241409122521,0.0,-0.010205177371204188
2022-07-13,-0.0,0.023216566740390732,-0.0,-0.02439291258541587
2022-07-14,-0.0,0.006135509052460228,-0.0,-0.0050078919286761225
2022-07-15,0.0,-0.006292038344666398,0.0,0.008141906711088831
2022-07-18,-0.0,0.01289347920054576,-0.0,-0.01064569828585793
2022-07-19,0.0,-0.0009271508157700695,0.0,0.0003709869631143281
2022-07-20,0.0,-0.011721693982521134,0.0,0.01261079209008975
2022-07-21,0.0,0.0012313729669237022,0.0,-0.003150039338887578
2022-07-22,0.0,-0.019211237264738543,0.0,0.023332609991405073
2022-07-25,0.0,-0.004600056950276202,0.0,0.0029443205246069137
2022-07-26,0.0,-0.0004018208101949968,0.0,-0.002040644482467324
2022-07-27,0.0,-0.007257148649393805,0.0,0.007641188329128523
2022-07-28,0.0,-0.0031981667484156056,0.0,0.008865082502844901
2022-07-29,0.0,-0.011985519681048724,0.0,0.012245340002466243
2022-08-01,0.0,-0.004086729487320593,0.0,0.00833239978903988
2022-08-02,-0.0,0.01161429598143002,-0.0,-0.010994668557202436
2022-08-03,0.0,-0.0048445942432894995,0.0,0.0023421688849909472
2022-08-04,0.0,-0.0004956446803432088,0.0,-0.001185842387479208
2022-08-05,0.0,0.0026141453126711507,0.0,-0.003387139316670118
2022-08-08,0.0,-0.018964437210030854,0.0,0.02452616499554794
2022-08-10,0.0,-0.004104063701238884,0.0,0.0029068295810634748
2022-08-11,0.0,-0.007320611428318099,0.0,0.01323043919985789
2022-08-12,0.0,-0.0013406005770394038,0.0,-0.0003700785583738986
2022-08-16,0.0,-0.007933533362377657,0.0,0.011446728463030631
2022-08-17,0.0,-0.0047805310023377135,0.0,0.005159298037427096
2022-08-18,0.0,0.009227538522565326,0.0,0.0011920178698492379
2022-08-19,0.0,0.003760565304083462,0.0,-0.012337000663794173
2022-08-22,0.0,0.0016320020870113222,0.0,-0.015203800781785404
2022-08-23,-0.0,0.006619629330855042,-0.0,-0.003094580489523713
2022-08-24,0.0,-0.001,0.0,0.004809655131523094
2022-08-25,-0.0,-0.0,-0.0,-0.005431603737450441
2022-08-26,0.0,0.0,0.0,0.0001706838551207568
2022-08-29,0.0,0.0,0.0,-0.017541528110547655
2022-08-30,0.0,0.0,0.0,0.03244414893950576
2022-09-01,0.0,0.0,0.0,-0.009386999476441726
2022-09-02,0.0,0.0,0.0,0.009068392825062999
2022-09-05,0.0,0.0,0.0,0.006428809455007789
2022-09-06,0.0,0.0,0.0,-0.0038126193950160925
2022-09-07,0.0,0.0,0.0,-0.0047336034242219105
2022-09-08,0.0,0.0,0.0,0.010321767312321484
2022-09-09,0.0,0.0,0.0,0.0006677190596380278
2022-09-12,0.0,0.0,0.0,-0.0033696666841910305
2022-09-13,0.0,0.0,0.0,0.013089627436779105
2022-09-14,0.0,0.0,0.0,0.010276816665023336
2022-09-15,0.0,0.0,0.0,-0.005200690174960498
2022-09-16,0.0,0.0,0.0,-0.01837974085479477
2022-09-19,0.0,0.0,0.0,0.0065986826994184344
2022-09-20,0.0,0.0,0.0,0.012045712400721387
2022-09-21,0.0,0.0,0.0,-0.001545452333106434
2022-09-22,0.0,0.0,0.0,-0.02130583346107484
2022-09-23,0.0,0.0,0.0,-0.02681694280569591
2022-09-26,0.0,0.0,-0.006429653701814519,-0.013484155335058423
2022-09-27,0.0,0.0,-0.0025587317198258316,-0.00897203309925143
2022-09-28,0.0,0.0,-0.011878686130394472,-0.017187019764388745
2022-09-29,0.0,0.0,-1.627309295864411e-05,-0.005181687085081821
2022-09-30,0.0,0.0,0.013372562798972261,0.028212803257645414
2022-10-03,0.0,0.0,-0.001,-0.005734006856495055
2022-10-04,0.0,0.0,0.0,0.028163273424973934
2022-10-06,0.0,0.0,0.0,-0.011011877847981633
2022-10-07,-0.0,-0.0,-0.0,-0.004314530551402407
2022-10-10,0.0,0.0,0.0,-0.011042778917315199
2022-10-11,0.0,0.0,0.0,-0.010141350304020857
2022-10-12,0.0,0.0,0.0,0.0065327779077379855
2022-10-13,0.0,0.0,0.0,-0.011491081069858189
2022-10-14,0.0,0.0,0.0,0.03257754916967426
2022-10-17,0.0,0.0,0.0,0.005246640303384176
2022-10-18,-0.0,-0.0,-0.0,-0.0018665098271889446
2022-10-19,0.0,0.0,0.0,0.01025030531845772
2022-10-20,0.0,0.0,0.0,-0.006752680160829527
2022-10-21,-0.0,-0.0,-0.0,-0.007040407044892727
2022-10-24,0.008404783879520759,0.009203073107267576,0.0,0.015605546846219509
2022-10-25,0.010045263919691272,0.007794428674444649,0.0,-0.006947134404139521
2022-10-27,-0.0009999999999999998,-0.0032093421603096935,0.0,0.002412282475318328
2022-10-28,0.0,-0.0030389746897881704,0.0,0.0029566965288672087
2022-10-31,0.0,0.010026997407559086,0.0,0.02605049586337782
2022-11-01,0.0,-0.001,0.0,0.011057631793129463
2022-11-02,0.0,0.0,0.0,0.0006276663143180983
2022-11-03,0.0,0.0,0.0,-0.004391589437737764
2022-11-04,0.0,0.0,0.0,-0.006898615735026259
2022-11-07,0.0,0.0,0.0,0.0077815445214779455
2022-11-09,-0.0,-0.0,-0.0,-0.0002984353679754692
2022-11-10,0.0,0.0,0.0,0.010872889961251575
2022-11-11,0.0,0.0,0.0,0.056665020397945964
2022-11-14,0.004275342262579542,0.0037707634478725306,0.0004299787845630403,0.002420613171849162
2022-11-15,-0.003976133663527259,-0.0039534247058049315,-0.0032173296983707025,0.002445745964495316
2022-11-16,0.01029808478466104,0.01014391692476476,0.0009384419737644357,0.008585619569076774
2022-11-17,0.0003345319337059111,0.0001398560559188226,0.004631873719443583,-0.009033008713901225
2022-11-18,0.003653142018929123,0.0036728394517136632,0.0031457736248101604,-0.0026264925924701643
2022-11-21,0.0008857760692867183,0.00030432704908305225,-0.001,-0.010254636130518358
2022-11-22,-0.0004443685736831767,-0.0005919778016259916,0.0,-0.0014712118353724657
2022-11-23,0.0023632577506632023,0.0027524376522604973,0.0,0.002601959881715743
2022-11-24,-0.010108534258629488,-0.009573280089196008,0.0,0.016258487642064168
2022-11-25,-0.002137415470645583,-0.002841630230077574,0.0,-0.0046148877995833
2022-11-28,0.005133778531922262,0.004509407842021281,0.0,-0.010756324920724536
2022-11-29,2.864894637048755e-05,-0.0001561574028041128,0.0,-0.001499890775655599
2022-11-30,0.0025596215654932384,0.003713991776581587,0.0,0.006633836423203032
2022-12-01,-0.006703900174632538,-0.006691387089556216,0.0,0.00687006481651542
2022-12-02,0.0027674317036542597,0.00201685864278312,0.0,-0.0076565805882914395
2022-12-05,0.0002864108366644122,0.0009007657656896555,0.0,0.0036400296549246036
2022-12-06,-0.00031307395482021386,-0.0005576651996501964,0.0,-0.0011159408947049032
2022-12-07,-0.006141897436557071,-0.007308365633165348,0.0,-0.0004345018651006338
2022-12-08,-0.006621615816584823,-0.006814103926726935,0.0,0.005619512770051349
2022-12-09,-0.005885144247145343,-0.00565459120792325,0.0,0.007131879132670882
2022-12-12,-0.009865167769323023,-0.010271266359067605,0.0,0.007786406238042609
2022-12-13,-0.0005770657765845298,-0.00014882286350249266,0.0,0.002768131725635614
2022-12-14,-0.0027927782457688012,-0.0016728303258126285,0.0,0.008463198495111568
2022-12-15,0.006099691279921255,0.0036229824053580686,0.0,-0.01831843437520797
2022-12-16,-0.008604820744400363,-0.00938144726186231,0.0,0.004810542371129545
2022-12-19,0.0034351448779925903,0.004727483433444287,0.0,0.003110384560425672
2022-12-20,0.0002649960612185285,-0.0010361996075518376,0.0,-0.006900716578199129
2022-12-21,-0.004411003794771978,-0.007047899647093547,0.0,-0.009673000313167979
2022-12-22,0.0049179714857659875,0.005124693021160254,-0.0,-0.003431065805007516
2022-12-23,0.003159310963391275,0.002360181688217496,0.0,-0.008932750844121928
2022-12-26,-0.012004978120542478,-0.011183401470196691,0.0,0.019904160370967983
2022-12-27,0.001603677178128982,0.0017116313618900127,0.0,0.001012607180980174
2022-12-28,0.00015843914872066818,9.941716879584118e-05,0.0,-0.0007969495670296922
2022-12-29,-0.003794753180358596,-0.003990030884520791,0.0,0.007056188259539464
2022-12-30,0.006287714208318293,0.006411329812679817,-0.0,-0.008012043441110617
2023-01-02,-0.000785230259040251,-0.0007642497408281031,0.0,0.00033785801188379594
2023-01-03,-0.0009541252893117223,-0.0023118620378762885,0.0,0.006538899293730527
2023-01-04,0.005231745664266879,0.008988065572889668,0.0,-0.017872862974245285
2023-01-05,0.0029804552119330903,-0.001,0.0,-0.0064284374524976595
2023-01-06,-0.007903546552072914,0.0,0.0,-0.0033130820634676983
2023-01-09,0.006315406719555715,0.0,0.0,0.0019443796776172917
2023-01-10,0.004176965144189574,-0.0,0.0,-0.018278604148500244
2023-01-11,-0.005155203877454455,0.0,0.00868796934638301,0.014410408289968313
2023-01-12,-0.008989913784172285,0.0,0.007203196067540391,0.005342881284839729
2023-01-13,-0.00014566245306010648,0.0,-0.001,0.0007816251417729347
2023-01-16,0.005942232004209662,0.0,-0.0,-0.00958992580481366
2023-01-17,-0.003479162535440283,0.0,0.0,0.014886822311745318
2023-01-18,-0.008117961977671985,0.0,0.0,0.017651788817774072
2023-01-19,-0.011137434918019044,0.0,0.0,0.004153079416952865
2023-01-20,-0.006241301204469465,0.0,0.0,0.010248935319169039
2023-01-23,0.002571929396803981,0.0,0.0,0.0073149730800698975
2023-01-24,-0.013277936311649724,0.0,0.0,0.013388386045040779
2023-01-25,0.010293794465100637,-0.0,0.0,-0.027632007439699624
2023-01-27,-0.001199105124995565,-0.0,0.0,-0.019925326854371206
2023-01-30,0.004458516956004371,0.0,-0.0,-0.0010212412106780366
2023-01-31,0.004611311224953879,0.0,-0.0,-0.006597841689664818
2023-02-01,-0.0031639426743194496,0.0,0.0,0.014998422653446752
2023-02-02,0.01223663454823692,0.0,-0.0,-0.014868935100613934
2023-02-03,-0.01128287238316445,0.0,0.0,0.03458383349640415
2023-02-06,-0.007606095218300685,-0.0,0.0,-0.004250055366388672
2023-02-07,0.007679308607981112,0.0,0.0,0.001483181128821176
2023-02-08,-0.002821624665597372,-0.0,0.0,-0.00012090147130305873
2023-02-09,0.00258823935354212,0.0,-0.0,-0.002085744086513186
2023-02-10,-0.0015833057760162661,0.0,0.0,0.00396833736148694
2023-02-13,0.0001454080127748964,0.0,0.0,0.0007542533844717703
2023-02-14,-0.005479953990405381,0.0,0.0,0.00925625846952749
2023-02-15,0.00540211539623216,0.0,-0.0,-0.00203137862479974
2023-02-16,0.002460092134314874,0.0,-0.0,-0.003622190409255044
2023-02-17,-0.005865048293375942,-0.0,0.0,-0.0050172129415039235
2023-02-20,-0.0019038872693731583,-0.0,0.0,-0.009390730109525847
2023-02-21,-0.003923599047478546,0.0,0.0,0.0037492476153424548
2023-02-22,0.0006338652426239356,-0.0,0.0,-0.019617330025090585
2023-02-23,0.005284405205853604,0.0,-0.0,-0.006783602597835392
2023-02-24,0.0013325185794321927,-0.0,0.0,-0.008919450047138788
2023-02-27,0.007516374151706943,0.0,0.0,0.002486082079093288
2023-02-28,-0.0010460945301623051,0.0,0.0,0.004206023085285171
2023-03-01,0.005142927199510246,-0.0,-0.0,-0.0009689488960068493
2023-03-02,-0.0009999999999999998,0.0,0.0,-0.00851040996354846
2023-03-03,0.0,0.0,0.0,0.019849192330804843
2023-03-06,0.0,0.0,0.0,0.007054962233488782
2023-03-08,0.0,0.0,0.0,0.001997065772108897
2023-03-09,0.0,0.0,0.0,9.20506075894334e-05
2023-03-10,0.0,0.0,0.0,-0.025786426505225002
2023-03-13,0.0,0.0,0.0,-0.012652231763944921
2023-03-14,0.0,0.0,0.0,-0.002677732182061132
2023-03-15,-0.0,-0.0,-0.0,-0.014351014789613314
2023-03-16,0.0,0.0,0.0,0.006485516763603982
2023-03-17,0.0,0.0,0.0,0.013370697947607812
2023-03-20,-0.0,-0.0,-0.0,-0.006930933283853413
2023-03-21,0.0,0.0,0.0,0.011333291830633918
2023-03-22,0.0,0.0,0.0,-0.0023108146533977747
2023-03-23,0.0,0.0,0.0,-0.008027578301660898
2023-03-24,-0.0,-0.0,-0.0,-0.0015994199225903838
2023-03-27,0.0,0.0,0.0,0.004357219631845766
2023-03-28,0.0,0.0,0.0,0.00813417915809711
2023-03-29,0.0,0.0,0.0,0.004809565600916166
2023-03-31,0.0,0.0,0.0,0.013698174023454301
2023-04-03,0.0,0.0,0.0,0.0006212767457436374
2023-04-05,0.0,0.0,0.0,0.026823131732574224
2023-04-06,0.0,0.0,-0.0058044433370187136,0.0076190207373190155
2023-04-10,-0.0,-0.0,0.0038091799578449667,-0.004740825826864525
2023-04-11,0.0,0.0,0.011090042756186231,0.00292436649934924
2023-04-12,0.0,0.0,-0.001,0.012986153173363268
2023-04-13,0.0,0.0,0.0,0.004480928331473066
2023-04-17,-0.0,-0.0,-0.0,-0.015244037395669707
2023-04-18,-0.0011783182462018005,0.0,0.0,-0.004230037474910464
2023-04-19,0.002707072339704347,0.0,0.0,0.003675535081873571
2023-04-20,0.0020463109658330663,0.0,0.0,0.0037221470848045612
2023-04-21,-0.0018647278757960828,0.0,0.0,0.0016150061372546265
2023-04-24,0.002930315526678402,0.0,0.0,0.008091424892978205
2023-04-25,-0.004709474233517626,0.0,0.0,-0.014216710967538182
2023-04-26,0.005147777162069151,0.0,0.0,0.004596927906715953
2023-04-27,-0.005587459738387524,0.0,0.0,0.005502995730081839
2023-04-28,-0.00607124753161184,0.0,0.0,0.003926370541957436
2023-05-02,0.004403583696118062,0.0,0.0,-0.0002074474315600927
2023-05-03,-0.0009440266816707491,0.0,0.0,0.0034968449984249528
2023-05-04,0.005441138754813822,0.0,0.0,0.020464797976405436
2023-05-05,-0.023572955809908987,0.0,0.0,-0.05912140466472737
2023-05-08,-0.0024825646507735735,0.001470596540490041,0.0033275313492218224,0.011564564714866998
2023-05-09,0.0012143356446263078,0.0007395703521507755,0.0006375403647051265,3.0345762916050845e-05
2023-05-10,0.0010716862105266212,0.0024618440645811854,0.002799270910216886,0.004621511607529438
2023-05-11,0.0005197009773132414,0.0005631438321086874,0.0005904760251652478,0.0006658423053456097
2023-05-12,0.003570901901708115,0.005800607173755131,-0.001,0.008831379202385081
2023-05-15,-0.0009474710487645094,-0.001,0.0,0.004796700195606851
2023-05-16,0.004020963254027489,0.0,0.0,-0.005733932865148228
2023-05-17,0.00745630778775282,0.0,0.0,-0.005372390555922424
2023-05-18,-0.003004523230178642,0.0,0.0,0.003997602901043784
2023-05-19,-0.0032602064283028045,0.0,0.0,0.001155028294473226
2023-05-22,-0.0013317605871538039,0.0,0.0,-0.0035520421746081388
2023-05-23,0.003843780767251486,0.0,0.0,-0.002346224308894307
2023-05-24,-0.003322728006679133,0.0,0.0,-0.013071004279186282
2023-05-25,-0.0071544299178902815,-0.0,-0.0,-0.0038370647531601465
2023-05-26,-0.002178793026953232,0.0,0.0,0.0038518445300410598
2023-05-29,0.0037306765040992533,0.0,0.0,0.012192087250243233
2023-05-30,-0.005315869730669399,0.0,0.0,0.0007642804099223799
2023-05-31,-0.018021756160617845,-0.0,-0.0,-0.015824061096984754
2023-06-01,0.01955937280143213,0.0,0.0,-0.004252394979527452
2023-06-02,-0.0015746133952285201,0.0,0.0,0.0015586588142668667
2023-06-05,0.0030577611955044473,0.0,0.0,-0.001307216824046331
2023-06-06,-0.010670162222691138,-0.0,-0.0,-0.003116460890406292
2023-06-07,0.007689800842567379,0.0,0.0,0.005189429397105982
2023-06-08,0.014389060515668014,0.0,0.0,0.0006219969655048008
2023-06-09,0.0045409795539107555,0.0,0.0,0.0011811705641993075
2023-06-12,-0.0009999999999999998,-0.0,-0.0,-0.006084657571394314
2023-06-13,0.0,0.0,0.0,0.0016865666613921082
2023-06-14,-0.0,-0.0,-0.0,-0.001091345724603232
2023-06-15,0.0,0.0,0.0,-0.012299032132414345
2023-06-16,0.0,0.0,0.0,0.013084263371677451
2023-06-19,0.0,0.0,0.0,0.0008734374013197321
2023-06-20,0.0,0.0,0.0,0.002088428276328713
2023-06-21,0.0,0.0,0.0,0.017480573659736764
2023-06-22,0.0,0.0,0.0,0.004891095341284624
2023-06-23,0.0,-0.001742317962260896,0.0,-6.088765041767363e-05
2023-06-26,0.0,0.003464543059420421,0.0,-0.004837178448058421
2023-06-27,0.0,-0.010535598692724123,0.0,0.014093196335026814
2023-06-28,0.0,-0.009769342646491984,0.0,0.010581186649522234
2023-06-30,0.0,-0.014014655524353667,0.0,0.015064278203594794
2023-07-03,0.0,-0.010739980497548138,-0.009297460964608852,0.010814635018806085
2023-07-04,0.0016103417816786564,-0.005188060627818085,-0.0009911699913898921,0.0048841684345390934
2023-07-05,0.016233232245880566,0.02932857953749213,0.023674191627690296,-0.031766990921503924
2023-07-06,0.0029570430745015468,-0.0014828362479194191,-0.001,0.0010158796913199986
2023-07-07,-0.0023336767473745622,0.009065705952687197,0.0,-0.008716404351534979
2023-07-10,0.004884318415820566,0.001380606669019206,-0.0,-0.0023789999984644705
2023-07-11,0.002266747469488512,0.004391072114882744,0.0,-0.004859776832767726
2023-07-12,0.007713790473667336,0.00793534055212036,-0.0,-0.009372749946830128
2023-07-13,-0.0009999999999999998,-0.0009999999999999998,0.0,0.004990921268371196
2023-07-14,0.0,0.0,0.0,0.00207185791456177
2023-07-17,0.0,0.0,0.0,0.02091822899490814
2023-07-18,0.0,-0.0,0.0,-0.0008338208235152411
2023-07-19,0.0,0.0,0.0,0.004530450434566458
2023-07-20,0.0,0.0,0.0,0.0021660402920866684
2023-07-21,-0.0,0.0,-0.0,-0.007697957840256842
2023-07-24,0.0,0.0,0.0,0.0015813873591103977
2023-07-25,0.0,0.0,0.0,0.010843659380137982
2023-07-26,-0.0,0.0,-0.0,-0.0034775945334116765
2023-07-27,0.0,-0.0,0.0,-0.01038021555632096
2023-07-28,-0.0,0.0,-0.0,-0.017721200515711466
2023-07-31,0.0,0.0,0.0,0.004685221543315965
2023-08-01,0.0,0.0,0.0,0.006692060523397769
2023-08-02,0.0,-0.0,0.0,-0.013084625065122535
2023-08-03,0.0,-0.0,0.0,-0.007223419567584877
2023-08-04,0.0,0.0,0.0,0.014459745028875481
2023-08-07,0.0,-0.0,0.0,-0.000574997471075922
2023-08-08,0.0,-0.0,0.0,-0.0008175189469609156
2023-08-09,0.0,0.0,0.0,0.0003636991331179562
2023-08-10,0.0,-0.0,0.0,-0.008876068484665933
2023-08-11,0.0,-0.0,0.0,-0.010422694169262336
2023-08-14,-0.0,0.0,-0.0,-0.004880113623611182
2023-08-16,0.0,-0.0,0.0,-0.0029177522141528023
2023-08-17,0.0,-0.0,0.0,-0.005540974415257804
2023-08-18,0.0,0.0,0.0,-0.004100749787539937
2023-08-21,-0.0,-0.0,-0.0,-0.0007857807110028814
2023-08-22,-0.0,-0.0,-0.0,-0.004278153011441632
2023-08-23,0.0,0.0,0.0,0.00246413782159971
2023-08-24,-0.0,-0.0,-0.0,-0.0046008664027636925
2023-08-25,0.0,0.0,0.0,-0.01127086679589695
2023-08-28,0.0,0.0,0.0,0.01040666211866248
2023-08-29,0.0,0.0,0.0,0.007954387433224852
2023-08-30,0.0,0.0,0.0,-0.007294316320476613
2023-08-31,0.0,0.0,0.0,-0.004592315234593358
2023-09-01,0.0,0.0,0.0,0.002068121536719758
2023-09-04,0.0,0.0,0.0,0.006255273378584336
2023-09-05,-0.0,-0.0,-0.0,-0.006090155247990947
2023-09-06,0.0,0.0,0.0,0.01308020337539162
2023-09-07,0.0,0.0,0.0,0.0096207872350762
2023-09-08,0.0,0.0,0.0,0.007790939688911758
2023-09-11,0.0,0.0,0.0,0.005174433748880158
2023-09-12,0.0,0.0,0.0,0.0031253029775923924
2023-09-13,0.0,0.0,0.0,0.004276387547923255
2023-09-14,0.0,0.0,0.0,-0.0006083776038872113
2023-09-15,0.0,0.0,0.0,0.011473637954585225
2023-09-18,0.0,0.0,0.0,-0.019678067512090003
2023-09-20,0.0,0.0,0.0,-0.040115378481266895
2023-09-21,0.0,0.0,-0.0008444792814478114,-0.006618944479442224
2023-09-22,-0.0,-0.0,-0.011325566217281566,-0.015257291418574792
2023-09-25,0.0,0.0,-0.003559057513222573,0.0008825077855956209
2023-09-26,0.006976102703516921,0.00655918267642176,0.006195695245302819,0.004343698867965484
2023-09-27,-0.0037034504159206188,-0.0040687258106415335,-0.005332442890781912,-0.0070238274379296195
2023-09-28,0.00835136810010376,0.007293586014029428,0.00323459745417166,-0.0020630724558494684
2023-09-29,8.008334586762664e-05,0.00024369938998647527,-0.001,0.001706480072770633
2023-10-03,-0.003207240591354394,-0.004038844043937278,0.0,-0.011957167785732636
2023-10-04,0.008388533613987581,0.008866536617400337,0.0,0.014256939553704218
2023-10-05,-0.0009999999999999998,-0.001,0.0,0.004053433341304036
2023-10-06,-0.0,-0.0,-0.0,-0.001106950420076691
2023-10-09,0.0,0.0,0.0,-0.011603324946866111
2023-10-10,0.0,0.0,0.0,0.005671850581768556
2023-10-11,0.0,0.0,0.0,0.009673100518781341
2023-10-12,0.0,0.0,0.0,0.00665763613550574
2023-10-13,0.0,0.0,0.0,-0.009097645085073824
2023-10-16,0.0,0.0,0.0,-0.0040045290749846085
2023-10-17,0.0,0.0,0.0,0.00758361407287933
2023-10-18,0.0,0.0,0.0,-0.013917692913437918
2023-10-19,0.0,0.0,0.0,-0.003158516191117844
2023-10-20,0.0,0.0,0.0,0.005181743922703985
2023-10-23,0.0021023662699359725,0.0,0.0,-0.010999388197331927
2023-10-25,0.0007023378978435035,0.0,0.0,-0.006341059995056519
2023-10-26,-0.0007709965910709434,0.0,0.0,-0.022118323031394604
2023-10-27,-0.0004924673277588521,0.0,0.0,0.003929232008675232
2023-10-30,0.0007596603173449391,0.0,0.0,0.010856552893252713
2023-10-31,-0.00938581359486702,-0.0,-0.0,-0.005790903405825443
2023-11-01,0.0037991932208650716,0.0,0.0,-0.0013545337552004488
2023-11-02,-0.0032458871527064146,0.0,0.0,0.001525917381201003
2023-11-03,0.0036145852774144447,0.0,0.0,0.004740238225674709
2023-11-06,0.001431964332787934,0.0,0.0,0.007245129101870029
2023-11-07,-0.00562527219332453,-0.0,-0.0,-0.0048512160668222615
2023-11-08,0.0028725687739834353,0.0,0.0,0.002891266190297781
2023-11-09,-0.0015278692319210894,0.0,0.0,-0.003955418760452578
2023-11-10,0.0017557062189812395,0.0,0.0,0.003937488614053963
2023-11-13,-0.0016890159735170453,-0.0,-0.0,-0.0018102472181092955
2023-11-15,-0.0012267036837529275,0.0,0.0,0.010478297920729851
2023-11-16,0.0002915742988071951,0.0,0.0,0.002625522882250042
2023-11-17,0.0013617419293004919,0.0,0.0,-0.00215463907069835
2023-11-20,-0.0017094020008370885,0.0,0.0,6.640585991046777e-05
2023-11-21,0.005072810897445324,0.0,0.0,0.008470673807871698
2023-11-22,0.004578419722783397,0.0,0.0,-0.0035574079884544973
2023-11-23,-0.0009999999999999998,0.0,0.0,0.005785011680941254
2023-11-24,0.0,0.0,0.0,0.0070991479865984974
2023-11-28,0.0,0.0,0.0,-0.0022518761265932774
2023-11-29,0.0,0.0,0.0,0.019952270535462002
2023-11-30,-0.0,-0.00020232670603997753,-0.0005353813476645086,-0.00022436334040387695
2023-12-01,0.0,-0.0009467522842558937,0.0008669751030609045,-0.0021812454599982045
2023-12-04,0.0,0.011177967683522255,-0.015369972002980207,0.03471779227943994
2023-12-05,0.0,-0.001,-0.0051082634814557226,0.008885303220051988
2023-12-06,0.0,0.0,-0.0028784748539727734,0.002525104814893764
2023-12-07,0.0,0.0,-0.00040450972460724134,0.0016278917869390064
2023-12-08,0.0,0.0,-0.008563047733019764,0.013953221436922014
2023-12-11,-0.0,-0.0,0.001786015626079267,-0.00133074725580129
2023-12-12,0.0,0.0,0.00443710123767851,-0.00993340486130223
2023-12-13,-0.0,-0.0,-0.0009999999999999998,-0.002263531253819173
2023-12-14,0.0,0.0,0.0,0.011803272076290616
2023-12-15,0.0,0.0,0.0,0.0038784834058342987
2023-12-18,0.0,0.0,0.0,-0.0005132297690196852
2023-12-19,0.0,0.0,0.0,-0.001690932157824565
2023-12-20,0.0,0.0,0.0,0.0024804192648981704
2023-12-21,-0.0022573368624102365,0.00031552081943380197,0.0,0.017923926599377804
2023-12-22,0.00671794866951334,0.006272053558446294,-0.0,-0.00939702267759479
2023-12-26,0.003958387729845665,0.005762250150224076,0.0,0.006942512069148865
2023-12-27,-0.001748949265963945,-0.001,0.0,0.012392722716437987
2023-12-28,0.004605101116864155,0.0,0.0,0.0011448336574508833
2023-12-29,-0.0009999999999999998,0.0,0.0,0.0023456606362246557
2024-01-01,-0.0,-0.0,-0.0,-0.006523406748354388
2024-01-02,0.0,0.0,0.0,0.0005889594539141285
2024-01-03,-0.0,-0.0,-0.0,-0.01541992926592517
2024-01-04,0.0,0.0,0.0,0.010729871622110254
2024-01-05,0.0,0.0,0.0,-0.005115796427613062
2024-01-08,0.0,0.0,0.0,-0.011146173043430907
2024-01-09,-0.0,0.0022662772373361634,-0.0,-0.007784920383899774
2024-01-10,0.0,-0.0032434575207494674,0.0,0.0033019938713449992
2024-01-11,-0.0,0.0023331184523352547,-0.0,-0.004196937011994306
2024-01-12,-0.0,0.005320272909042063,-0.0,-0.0047302051332679396
2024-01-15,0.0,-0.0015067089750517074,0.0,0.01925426362996019
2024-01-16,0.0,-0.0026380312798257232,0.0,0.0037960173749529424
2024-01-17,0.0,0.010430803751528663,0.0,-0.08435816933540463
2024-01-18,0.0,-0.001,-0.025119409054038307,-0.03339832046152602
2024-01-19,-0.0022792115395118585,-0.0006042105850607993,-0.001,-0.010429728668359117
2024-01-23,-0.020149141176143855,-0.0184123179495124,-0.025698350979646116,-0.02944272417104188
2024-01-24,0.008484268364834199,-0.001,-0.001,0.02000204174465736
2024-01-25,-0.0011407228302858109,0.0005351730633922878,0.0,-0.014424019916891573
2024-01-29,-0.009263026852505227,-0.014198285041725137,0.0,0.0137640786351243
2024-01-30,-0.0036385001446276096,-0.0028968165889811845,-0.0,-0.007115055564845263
2024-01-31,0.00564215507140465,0.0041907241654630615,0.0,0.012635858315975579
2024-02-01,0.001963588325726154,0.0018313189902331604,0.0,0.0025980566787080495
2024-02-02,-0.006717179894305236,-0.005317949715114137,-0.0,-0.013775593195995861
2024-02-05,0.00370195181523543,0.0046048700946587535,0.0,-0.000898995105422129
2024-02-06,0.00584703783416698,0.007119718638908682,0.0,-0.0005190769835371478
2024-02-07,-0.006356144807376545,-0.005652480322984507,-0.0,-0.00979846210562152
2024-02-08,0.00902778920773846,0.014975014997099904,0.0,-0.018811857531741527
2024-02-09,-0.003617678191677766,-0.004539543413099297,0.0,0.0003919788800252899
2024-02-12,0.005067452979251552,0.008607365230883257,0.0,-0.009689274550093496
2024-02-13,-0.006790793678676708,-0.001,0.0,0.0032013155613928035
2024-02-14,-0.007114427223378151,-0.0,-0.0,-0.00745796739601956
2024-02-15,0.013344676672153243,0.0,0.0,0.021675362712908486
2024-02-16,0.0031881038196633887,0.0,0.0,0.004137043160914455
2024-02-19,0.00019254636018361572,0.0,0.0,-0.0019718315929044827
2024-02-20,0.003414704715168535,0.0,0.0,0.02625076174627594
2024-02-21,-0.0002307993466540998,0.0,0.0,-0.010417430952600726
2024-02-22,-0.0002694577496966215,0.0,0.0,-0.013619080318770682
2024-02-23,0.0005821634411868927,0.0,0.0,0.0007395517104253901
2024-02-26,0.005881440245734022,0.0,0.0,0.0011966768727453836
2024-02-27,-0.0008671209041055484,-0.0,-0.0,-0.0015116485224028198
2024-02-28,0.003345837438988523,0.0,0.0,-0.007569595547651575
2024-02-29,-0.0009999999999999998,-0.0,-0.0,-0.004257064693109935
2024-03-01,0.0,0.0,0.0,0.019488318100628454
2024-03-04,0.0,0.0,0.0,0.0013629182346182045
2024-03-05,0.0,0.0,0.0,0.005688507477972893
2024-03-06,0.0,0.0,0.0,0.0012146305649112232
2024-03-07,0.0,0.0,0.0,0.0024262256836158347
2024-03-11,0.0,0.0,0.0,-0.012654688172886619
2024-03-12,0.0,0.0,0.0,0.022236928784148402
2024-03-13,0.0,0.0,0.0,0.00058232729676444
2024-03-14,-0.0,-0.0,-0.0,-0.003389447303076998
2024-03-15,0.0,0.0,0.0,-0.0019238438477157116
2024-03-18,0.0,0.0,0.0,-0.004543315205414955
2024-03-19,0.0,0.0,0.0,0.0022820255641522458
2024-03-20,-0.0,-0.0,-0.0,-0.01262631193685071
2024-03-21,0.0,0.0,0.0,0.010272035630842336
2024-03-22,-0.0,-0.0,-0.0,-0.002005795441138325
2024-03-26,0.0,0.0,0.0,-0.01209412601694082
2024-03-27,0.0,0.0,0.0,0.010733734185575994
2024-03-28,0.0,0.0,0.0,0.004997599775241612
2024-04-01,0.0,0.0,0.0,0.015608800631617736
2024-04-02,0.0,0.0,0.0,0.006562500541839489
2024-04-03,0.0,0.0,0.0,0.0014524812374203666
2024-04-04,0.0,0.0,0.0,0.030560641508664776
2024-04-05,0.0,0.0,-0.006279367993284068,0.014368989241138053
2024-04-08,-0.0,-0.0,0.001879992666873383,-0.0019037653994998793
2024-04-09,0.0,0.0,-0.0020737840409439084,0.0012608270930112297
2024-04-10,-0.0,-0.0,0.01249143525952648,-0.007878396462011494
2024-04-12,0.0,0.0,-0.0009999999999999998,-0.01132548511714404
2024-04-15,0.0,0.0,0.0,-0.015965063367674004
2024-04-16,0.0,0.0,0.0,0.009734397943197859
2024-04-18,0.0,0.0,0.0,-0.009640552964251259
2024-04-19,0.0,0.0,0.0,0.024486618230647794
2024-04-22,-0.0,-0.0,-0.0,-0.012473167836969723
2024-04-23,-0.0,-0.0,-0.0,-0.0030418449689256777
2024-04-24,0.0,0.0,0.0,0.0027194782119566163
2024-04-25,0.0,0.0,0.0,-0.0006283543928895519
2024-04-26,-0.011372183752354159,-0.008240044835032868,-0.0059419530984630205,-0.0006288338549566008
2024-04-29,-0.0009999999999999998,-0.003926190253148816,-0.004431550060083886,0.013048069100413784
2024-04-30,-0.0032079009965375327,0.0023786690356059005,0.0018958548514634835,-0.006145820691899284
2024-05-02,-0.0192265380274968,-0.011853985257105357,-0.013715740893393965,0.007992972738920079
2024-05-03,-0.0009999999999999998,0.005963271721244155,0.0012319944417932627,-0.008255820957810966
2024-05-06,0.02394305826128472,-0.002174188526541031,0.011774588607591414,0.002007059103041664
2024-05-07,0.011471935806788814,0.010058027875546117,-0.001,-0.010836453767176568
2024-05-08,0.008941977886677631,0.014756973805267406,-0.0,-0.015602539370733526
2024-05-09,0.009817548378669466,-0.001,-0.017632702987850194,-0.02370764520440427
2024-05-10,-0.008114304337605302,0.0,0.0075299704083113955,0.006932751683361271
2024-05-13,-0.0016301923414164168,0.0,0.00678162881413606,0.012066211712099095
2024-05-14,-0.0002887479062152912,0.0,0.002080802783975579,0.003916848593604971
2024-05-15,0.008841596421411623,0.0,-0.001,-0.015366691060426096
2024-05-16,-0.0006617568547212403,0.0,0.0,0.01511988175404233
2024-05-17,0.006293319534524355,0.0,0.0,0.0026365124242591076
2024-05-21,0.002267778255555822,0.0,-0.0,-0.0036199238837579806
2024-05-22,-0.0009999999999999998,0.0,0.0,0.0002741553257172846
2024-05-23,0.0,0.0,0.0,0.022889229200330652
2024-05-24,0.0,0.0,0.0,0.016481357665961927
2024-05-27,0.0,0.0,0.0,0.006920644688955591
2024-05-28,0.0,0.0,0.0,0.0018328648540426595
2024-05-29,0.0,-0.0,0.0,-0.01450510823569473
2024-05-30,0.0,0.0,0.0,0.004342670841376295
2024-05-31,0.0,0.0,0.0,0.011024222554699481
2024-06-03,0.0,0.0,0.0,0.026541674437006613
2024-06-04,0.0,-0.0,0.0,-0.056640327834704185
2024-06-05,0.0,0.0,0.0,0.04628666948701321
2024-06-06,0.0,0.0,0.0,0.0050907184126729454
2024-06-07,0.0,0.0,0.0,0.00875165291931812
2024-06-10,0.0,-0.0,0.0,-0.007658625922126627
2024-06-11,0.0,0.0,0.0,0.002241614426369276
2024-06-12,0.0,0.0,0.0,0.0059751995142296455
2024-06-13,0.0,0.0,0.0,0.004192726062101304
2024-06-14,0.0,0.0,0.0,0.010216711590982808
2024-06-18,0.0,0.0,0.0,0.006825765731850675
2024-06-19,0.0,0.0,0.0,0.031129382910621395
2024-06-20,0.0,-0.00753946445106434,0.0,0.00693675453500564
2024-06-21,-0.0,0.0022717220875105157,-0.0,-0.0021564939254058446
2024-06-24,0.0,-0.003842958726453296,0.0,0.003992140899659047
2024-06-25,0.0,-0.019096747856439746,0.0,0.023289908110065705
2024-06-26,-0.0,0.006325595392400288,-0.0,-0.005755639838443183
2024-06-27,-0.0,0.006633207179416734,-0.0,-0.003144349594908169
2024-06-28,0.0,0.0007203326133828041,0.0,-0.007281138383671393
2024-07-01,0.0,-0.0077115218419369505,0.0,0.01270923783935718
2024-07-02,0.0,-0.017216023602865504,0.0,0.014895657674093732
2024-07-03,0.0,-0.00527112563188725,0.0,0.02198662685196151
2024-07-04,-0.0,0.01922242494089778,-0.0,-0.02346420080274736
2024-07-05,-0.0,0.03116841087346436,-0.0,-0.04576916632582051
2024-07-08,-0.0,-0.0009999999999999998,-0.006706743961833649,-0.00773616132313093
2024-07-09,0.0,0.0,0.0012919392492896937,0.0007032963179265384
2024-07-10,0.0,0.0,-0.0020128554097386888,-0.006354959680527461
2024-07-11,-0.0,-0.0,-0.004044317073013718,-0.0025829291093619755
2024-07-12,0.0,0.0,0.002056371426900421,0.0004932494765281792
2024-07-15,-0.0,-0.0,-0.0018375687270932735,-0.0003697741022030687
2024-07-16,0.0,0.0,0.004498736428111366,-0.0014487853300366726
2024-07-18,-0.0,-0.0,-0.001,-0.0030559014023976427
2024-07-19,0.0,0.0,0.0,-0.004644594116136158
2024-07-22,0.0,0.0,0.0,0.02193118118801518
2024-07-23,-0.0,-0.0,-0.0,-0.014702720549230719
2024-07-24,0.0,0.0,0.0,-0.00886676247847229
2024-07-25,0.0,0.0,0.0,0.007823865144781506
2024-07-26,0.0,0.0,0.0,0.0009588478080193585
2024-07-29,0.0,0.0,0.0,-0.008095726710426465
2024-07-30,0.0,0.0,0.0,0.006541932022016361
2024-07-31,0.0,0.0,0.0,0.00012369974172532494
2024-08-01,0.0,0.0,0.0,0.014265898977287694
2024-08-02,0.0,0.0,0.0,0.012417571192849586
2024-08-05,0.0,0.0,0.0,-0.026157997994890048
2024-08-06,0.0,0.0,0.0,-0.009005145864354969
2024-08-07,0.0,0.0,0.0,0.013927167685175768
2024-08-08,0.0,0.0,0.0,0.011826243317269558
2024-08-09,0.0,0.0,0.0,0.004565633216899512
2024-08-12,0.0,0.0,0.0,0.005999330850315454
2024-08-13,0.0,0.0,0.0,-0.03427501589412241
2024-08-14,0.0,0.0,0.0,0.002869285815650713
2024-08-16,0.0,0.0,0.0,0.01511373710213837
2024-08-19,-0.0,-0.0,-0.0,-0.00033689822306226525
2024-08-20,0.0,0.0,0.0,0.0037693362618103077
2024-08-21,-0.0,-0.0,-0.0,-0.0072662332376471905
2024-08-22,0.0,0.0,0.0,0.0033830425196763603
2024-08-23,0.0,0.0,0.0,-0.0038313591379565137
2024-08-26,0.0,0.0,0.0,0.0091688376537149
2024-08-27,0.0,0.0,0.0,-0.0013414491055344646
2024-08-28,0.0,0.0,0.0,-0.00039693942730445464
2024-08-29,0.0,0.0,0.0,0.0008857668786028672
2024-08-30,-0.0,-0.0,-0.0,-0.001006946387300589
2024-09-02,0.0,0.0,0.0,-0.006078654637820757
2024-09-03,0.0,0.0,0.0,0.006392340168691613
2024-09-04,0.0,0.0,0.0,0.0027178828534422106
2024-09-05,0.0,0.0,0.0,0.0022231685230222897
2024-09-06,0.0,0.0,0.0,-0.0051658736366176905
2024-09-09,0.0,0.0,0.0,0.005834150802840998
2024-09-10,0.0,0.0,0.0,0.0023381968683697796
2024-09-11,0.0,0.0,0.0,-0.003908225700586687
2024-09-12,0.0,0.0,0.0,0.013808620248827896
2024-09-13,0.0,0.0,0.0,-0.00039006813627795456
2024-09-16,0.0,0.0,0.0,0.003001352371315269
2024-09-17,-0.0,-0.0,-0.0,-0.0012866812347533951
2024-09-18,0.0,0.0,0.0,0.015580045676305998
2024-09-19,0.0,0.0,0.0,0.008083553902282103
2024-09-20,0.0,0.0,0.0,0.019139563602785792
2024-09-23,0.0,0.0,0.0,0.010682288151857122
2024-09-24,0.0,0.0,0.0,0.0046881255544901634
2024-09-25,0.0,0.0,0.0,0.006249739920195951
2024-09-26,0.0,0.0,0.0,0.0024450650340783753
2024-09-27,0.0,0.0,0.0,-0.017269962490390922
2024-09-30,0.0,0.0,0.0,-0.011753525146217636
2024-10-01,-0.0,-0.0,-0.0,-0.0033775197975013382
2024-10-03,0.0,0.0,0.0,-0.025605400197079464
2024-10-04,0.0,0.0,0.0,-0.01447684234610791
2024-10-07,0.0,0.0,-0.015691072397822973,-0.024039998279258845
2024-10-08,0.0,0.0,0.012994817406914121,0.020552631392782184
2024-10-09,0.0,0.0,-0.0075188275954779366,-0.010841650866970975
2024-10-10,0.0,0.0,0.0017766818545127678,0.017910122026293607
2024-10-11,-0.006050004468267278,-0.006122177770315074,-0.005913907757957807,-0.006857472707004431
2024-10-14,0.003072336037699315,0.004279262766698727,0.012353030401616385,0.02247123822280761
2024-10-15,0.003071124222524006,0.0026030431742807216,-0.001,-0.0023695317773917424
2024-10-16,0.009644605341419435,0.009602294749505146,0.0,0.00932245551718891
2024-10-17,-0.0041946629338207,-0.005205950467114792,0.0,-0.015678281370324676
2024-10-18,0.0005744832251251843,0.000997449247695202,0.0,0.005199715686236228
2024-10-21,0.03606304400010171,0.03527038783927796,0.0,0.02785619781426263
2024-10-22,-0.0009999999999999998,-0.001,0.0010227206633889388,-0.008185342162725817
2024-10-23,-0.0056303314143199695,-0.00669892753660713,-0.008313289575970972,0.012394012906527196
2024-10-24,-0.005494035875913943,-0.00595040048605026,-0.006670468258809117,0.00797905657953546
2024-10-25,0.0036762238085844383,0.0036126079568790095,0.003625685651849783,-0.003572126330571246
2024-10-28,-0.002996449352335074,-0.001035389549386281,0.0008958836148641595,-0.005277161533025043
2024-10-29,-0.0018658866295808122,-0.004259324564227901,-0.005773029219432625,0.01017765276378313
2024-10-30,-0.0027509326622466744,0.0012350088091836852,0.003159517656274007,-0.009846745445990623
2024-10-31,-0.0013488081292531613,-0.0011399742606531553,-0.001,0.0006341258456310506
2024-11-01,0.003522545987421478,0.0014458749225952285,0.0,0.0009218923232954257
2024-11-04,0.0020005280620580537,0.007664652117230356,0.0,-0.013354149407211025
2024-11-05,-0.00403773516365228,-0.01588771794455391,0.0,0.025523628875443682
2024-11-06,0.002317111705391748,0.0017717801688879689,-0.0,-0.001479064190870738
2024-11-07,-0.0022040697142501624,0.0022869779331620727,0.0,-0.004956576219325215
2024-11-08,-0.0025122249015752047,-0.004027928248074828,0.0,0.004523219602005746
2024-11-11,-0.0037982501620640683,-0.0062779192671941235,0.0,0.006754314161092179
2024-11-12,0.00647356502232803,0.02475339242657552,0.0,-0.027232173690765027
2024-11-13,0.0003029597647587149,-0.001,0.0,-0.02144678590998239
2024-11-14,0.002857243347141312,0.0,0.0,0.006780258410395756
2024-11-18,0.0009634160745732125,0.0,0.0,0.007295762919392823
2024-11-19,-0.009035231153263797,0.0,0.0,0.02178754685637707
2024-11-21,0.003086551307763174,-0.0,-0.0,-0.0006026113688684109
2024-11-22,0.006018261933547209,0.0,0.0,0.002527033282716973
2024-11-25,-0.0024877717088025615,0.0,0.0,0.02291465098004064
2024-11-26,-0.002048718995649602,-0.0,0.0,-2.7962222403643544e-05
2024-11-27,-0.007359357751003745,0.0,0.0,0.014981478911879842
2024-11-28,-0.0018425642799371521,-0.0,0.0,-0.010566739396116298
2024-11-29,0.0009942530919589791,0.0,0.0,0.0016173648595572132
2024-12-02,-0.005634840219701657,0.0,0.0,0.00481603997529545
2024-12-03,-0.006979511763096726,0.0,0.0,0.011968768182130773
2024-12-04,-0.0067050672701899,0.0,0.0,0.01850730896534092
2024-12-05,0.0037183713463598026,0.0,0.0,0.0030375058442828617
2024-12-06,0.0030893402890156143,0.0,-0.0,-0.005306228100804722
2024-12-09,-0.0009832767514574786,0.0,0.0,0.007624538993577179
2024-12-10,0.0029345842918091208,0.0,-0.0,-0.001016019302685356
2024-12-11,0.0012940893267488175,0.0,-0.0,-0.0026765039429555992
2024-12-12,-0.006483497930967573,-0.0,0.0,-0.002066430767380112
2024-12-13,0.007539590441122487,0.0,0.0,0.006723177588388918
2024-12-16,0.001348759882827421,-0.0,0.0,-0.003499492834915574
2024-12-17,0.0024428381534779154,-0.0,0.0,-0.01712946287032957
2024-12-18,0.004774846612797544,-0.0,0.0,-0.012300600860076782
2024-12-19,-0.0006011699794361714,-0.0,0.0,-0.009499139561128911
2024-12-20,0.0004934811098404514,-0.0,0.0,-0.012266434193034192
2024-12-23,-0.007518298278524625,0.0,0.0,0.01665259084160753
2024-12-24,0.0018735075811292102,0.0,-0.0,-0.001610315179043198
2024-12-26,0.003083758311797602,0.0,-0.0,-0.004087607026814766
2024-12-27,6.723384288318023e-05,0.0,0.0,0.0041881700104582364
2024-12-30,-0.0009999999999999998,-0.0,0.0,-0.0113165114397078
