z_window,z_entry,z_exit,cost_bps,Static OLS,Rolling OLS,Kalman filter
60,2.0,0.5,0,1.3002736990705814,0.9748326688816668,-0.0169059835277783
60,2.0,0.5,5,1.2211908916558427,0.8827824355137627,-0.1266354374717719
60,2.0,0.5,10,1.1416122767853294,0.7904741509749932,-0.2362411058670956
60,2.0,0.5,20,0.9814533841362172,0.6056143510027873,-0.454249563372997
40,2.0,0.5,10,0.8003402632332125,0.9447580496612916,-0.6309434097612375
120,2.0,0.5,10,1.2287330912130996,0.8630079489754884,-0.0895396604615132
60,1.5,0.5,10,0.9646865803041768,0.7909966584637071,-0.3814268030663249
60,2.5,0.5,10,1.3322762582809493,1.1286113397410489,-0.3113709687642342
60,2.0,0.0,10,0.9574902731017824,0.590567620155062,-0.1379323955260908
60,2.0,1.0,10,0.9348660212089224,0.4927597933613049,-0.4776723144160566
