model,entry,exit,side,days_held,gross_pnl,cost,net_pnl
Static OLS,2020-02-03,2020-02-10,1,5,0.01849636539492687,0.0019999999999999996,0.01649636539492687
Static OLS,2020-02-19,2020-03-03,1,8,0.014970584932972483,0.0019999999999999996,0.012970584932972483
Static OLS,2020-03-06,2020-03-16,1,5,0.025046862482360644,0.0019999999999999996,0.023046862482360646
Static OLS,2020-03-25,2020-04-03,1,6,0.022576486419084153,0.0019999999999999996,0.020576486419084154
Static OLS,2020-04-17,2020-04-28,-1,7,0.04922999097213739,0.0019999999999999996,0.04722999097213739
Static OLS,2020-07-21,2020-07-29,-1,6,0.04582175735726726,0.0019999999999999996,0.04382175735726726
Static OLS,2020-10-08,2020-10-28,-1,14,0.06803133471187506,0.0019999999999999996,0.06603133471187506
Static OLS,2021-01-27,2021-03-08,-1,28,0.014073952685014919,0.0019999999999999996,0.012073952685014919
Static OLS,2021-05-25,2021-06-07,-1,9,0.018610302221128527,0.0019999999999999996,0.01661030222112853
Static OLS,2021-06-25,2021-07-22,-1,18,0.00762017596756242,0.0019999999999999996,0.005620175967562421
Static OLS,2021-08-23,2021-09-09,-1,13,0.013772311368380724,0.0019999999999999996,0.011772311368380724
Static OLS,2021-09-17,2021-10-11,1,16,0.00451947407290082,0.0019999999999999996,0.00251947407290082
Static OLS,2021-10-27,2021-12-03,1,25,0.020594464101729076,0.0019999999999999996,0.018594464101729078
Static OLS,2022-03-02,2022-03-11,1,7,0.014316089113557747,0.0019999999999999996,0.012316089113557747
Static OLS,2022-04-05,2022-04-18,-1,7,0.04283899021494745,0.0019999999999999996,0.04083899021494745
Static OLS,2022-05-06,2022-06-13,1,26,0.005744454553274579,0.0019999999999999996,0.0037444545532745797
Static OLS,2022-10-24,2022-10-27,1,2,0.019450047799212028,0.0019999999999999996,0.01745004779921203
Static OLS,2022-11-14,2023-03-02,-1,77,-0.03992844253691206,0.0019999999999999996,-0.04192844253691206
Static OLS,2023-04-18,2023-06-12,1,38,-0.004851562121392579,0.0019999999999999996,-0.0068515621213925786
Static OLS,2023-07-04,2023-07-13,-1,7,0.03433179671366262,0.0019999999999999996,0.03233179671366262
Static OLS,2023-09-26,2023-10-05,1,6,0.017885396756200878,0.0019999999999999996,0.01588539675620088
Static OLS,2023-10-23,2023-11-23,1,21,0.0036695014077370363,0.0019999999999999996,0.0016695014077370367
Static OLS,2023-12-21,2023-12-29,-1,5,0.012275151387848977,0.0019999999999999996,0.010275151387848977
Static OLS,2024-01-19,2024-02-29,1,27,0.002249511952490608,0.0019999999999999996,0.0002495119524906085
Static OLS,2024-04-26,2024-04-29,-1,1,-0.01037218375235416,0.0019999999999999996,-0.01237218375235416
Static OLS,2024-04-30,2024-05-03,-1,2,-0.021434439024034333,0.0019999999999999996,-0.02343443902403433
Static OLS,2024-05-06,2024-05-22,-1,11,0.06188221310495418,0.0019999999999999996,0.05988221310495418
Static OLS,2024-10-11,2024-10-22,1,7,0.04318092542478168,0.0019999999999999996,0.041180925424781675
Static OLS,2024-10-23,2024-12-30,-1,45,-0.024444968791886824,0.0019999999999999996,-0.026444968791886823
Rolling OLS,2020-02-04,2020-02-13,1,7,0.03465319967912342,0.002093908397735493,0.032559291281387924
Rolling OLS,2020-03-06,2020-03-16,1,5,0.017913527764231937,0.002240659862226108,0.015672867902005828
Rolling OLS,2020-03-18,2020-03-23,-1,3,0.022145211067716362,0.0020433254282558695,0.02010188563946049
Rolling OLS,2020-03-25,2020-04-03,1,6,0.023922785117262584,0.002037055812481302,0.021885729304781283
Rolling OLS,2020-04-07,2020-04-28,-1,13,0.007722665349814653,0.00209766720887587,0.005624998140938783
Rolling OLS,2020-07-21,2020-07-24,-1,3,0.024009399391768868,0.002015195781285664,0.021994203610483203
Rolling OLS,2020-07-29,2020-08-24,1,18,0.019650806878170154,0.0021832860590708706,0.017467520819099285
Rolling OLS,2020-10-08,2020-10-28,-1,14,0.029374332025870285,0.0024269250262173806,0.026947406999652902
Rolling OLS,2021-01-19,2021-01-29,-1,7,0.021298130146769175,0.0021806351783706835,0.019117494968398492
Rolling OLS,2021-02-03,2021-02-22,-1,13,0.0067859711750013155,0.002474532518131171,0.004311438656870144
Rolling OLS,2021-04-09,2021-05-18,1,24,0.011452929631349335,0.0021391718805426284,0.009313757750806706
Rolling OLS,2021-06-30,2021-07-13,-1,9,0.010165861248511574,0.002309762658840634,0.00785609858967094
Rolling OLS,2021-09-20,2021-09-27,1,5,0.008176613173591397,0.0021586084952497963,0.006018004678341601
Rolling OLS,2022-02-25,2022-03-03,1,3,-0.02166922730328051,0.002018620499248866,-0.023687847802529378
Rolling OLS,2022-03-04,2022-03-15,1,7,0.025027658469577024,0.0021338910602725306,0.022893767409304495
Rolling OLS,2022-04-05,2022-04-13,-1,6,0.05047564954048075,0.0020689002920798614,0.04840674924840089
Rolling OLS,2022-05-09,2022-05-27,1,14,0.009301306494757203,0.003023514179272491,0.006277792315484712
Rolling OLS,2022-07-12,2022-08-24,-1,29,-0.03232818672728955,0.002567046303972576,-0.03489523303126213
Rolling OLS,2022-10-24,2022-11-01,1,5,0.021796193046923297,0.002020010707749847,0.01977618233917345
Rolling OLS,2022-11-14,2023-01-05,-1,38,-0.025177041076308002,0.0028026033354104527,-0.027979644411718456
Rolling OLS,2023-05-08,2023-05-15,1,5,0.012111989352722943,0.002076227389637123,0.01003576196308582
Rolling OLS,2023-06-23,2023-07-13,-1,13,0.0036704226909034833,0.002577367004397739,0.0010930556865057445
Rolling OLS,2023-09-26,2023-10-05,1,6,0.0158878752982227,0.002032440454963512,0.013855434843259188
Rolling OLS,2023-11-30,2023-12-05,-1,3,0.011032907357793059,0.002004018664566675,0.009028888693226385
Rolling OLS,2023-12-21,2023-12-27,-1,3,0.013361556612116644,0.002011732084012472,0.011349824528104173
Rolling OLS,2024-01-09,2024-01-18,-1,7,0.013973131908992083,0.0020108573343768374,0.011962274574615246
Rolling OLS,2024-01-19,2024-01-24,1,2,-0.018012072430332836,0.0020044561042403637,-0.0200165285345732
Rolling OLS,2024-01-25,2024-02-13,1,12,0.01033504882796698,0.0020759387292321315,0.008259110098734847
Rolling OLS,2024-04-26,2024-05-09,-1,8,0.008790478117635583,0.0028279445518000802,0.0059625335658355025
Rolling OLS,2024-06-20,2024-07-08,-1,12,0.007440863769646772,0.0027770127932213737,0.004663850976425399
Rolling OLS,2024-10-11,2024-10-22,1,7,0.0424959835257821,0.0020716739857542113,0.04042430954002789
Rolling OLS,2024-10-23,2024-11-13,-1,15,-0.0007357936144840801,0.002771493907749664,-0.003507287522233744
Kalman filter,2020-01-07,2020-01-10,1,3,0.01704707390400605,0.0020005032091411487,0.0150465706948649
Kalman filter,2020-01-28,2020-01-30,1,2,0.011220024188259632,0.0020007794003608173,0.009219244787898815
Kalman filter,2020-02-04,2020-02-05,1,1,0.02100356865614308,0.002,0.019003568656143083
Kalman filter,2020-03-05,2020-03-13,1,5,-0.06890444211070823,0.0020063687901774856,-0.07091081090088572
Kalman filter,2020-03-17,2020-03-19,1,2,-0.06387706709613539,0.00200231308684295,-0.06587938018297834
Kalman filter,2020-03-20,2020-03-24,1,2,-0.09229818808374202,0.0020040291721438166,-0.09430221725588583
Kalman filter,2020-03-25,2020-03-26,1,1,0.06779066555877329,0.002,0.06579066555877329
Kalman filter,2020-04-08,2020-04-16,-1,4,0.024468680261907384,0.0020064539909655957,0.022462226270941788
Kalman filter,2020-04-21,2020-04-27,-1,4,0.016880765790118955,0.0020051321802815247,0.01487563360983743
Kalman filter,2020-10-07,2020-10-14,-1,5,-0.0352102790820314,0.002013092401072559,-0.03722337148310396
Kalman filter,2020-10-30,2020-11-03,1,2,0.016550312769094865,0.0020019311085512463,0.014548381660543619
Kalman filter,2020-11-11,2020-11-13,-1,2,0.012381339285719307,0.0020021877167148237,0.010379151569004484
Kalman filter,2021-01-29,2021-02-02,1,2,0.04557891450897733,0.0020005428892548287,0.0435783716197225
Kalman filter,2021-02-03,2021-02-11,-1,6,0.002060797737640495,0.0020096290900389283,5.1168647601566863e-05
Kalman filter,2021-04-13,2021-04-16,1,2,0.02979220965319227,0.0020008915964572233,0.02779131805673505
Kalman filter,2021-05-19,2021-05-21,-1,2,0.015663907707475423,0.002001135614037303,0.01366277209343812
Kalman filter,2021-05-24,2021-05-26,-1,2,0.007980835472445942,0.002001828199478452,0.00597900727296749
Kalman filter,2021-07-22,2021-07-28,1,4,-0.0011529907774887136,0.002003388483974498,-0.0031563792614632117
Kalman filter,2021-08-25,2021-08-30,-1,3,0.006284004815103559,0.002002127084771695,0.0042818777303318635
Kalman filter,2021-10-18,2021-10-21,-1,3,0.005580380579271514,0.0020016821964641525,0.0035786983828073613
Kalman filter,2021-10-27,2021-11-03,1,5,-0.004746033286681259,0.0020036879481732826,-0.006749721234854541
Kalman filter,2021-12-09,2021-12-10,-1,1,0.012399519398702642,0.002,0.010399519398702642
Kalman filter,2022-01-04,2022-01-13,-1,7,-0.00018309157281070233,0.0020046420124049573,-0.0021877335852156597
Kalman filter,2022-02-25,2022-03-10,1,8,-0.016670569760007886,0.002012082563663544,-0.01868265232367143
Kalman filter,2022-03-15,2022-03-25,-1,7,-0.010975716527401294,0.002008441687345809,-0.012984158214747103
Kalman filter,2022-04-05,2022-04-07,-1,2,0.040178878294408096,0.0020026378685458375,0.03817624042586226
Kalman filter,2022-04-19,2022-04-26,1,5,-0.012258808998291078,0.0020089596674868274,-0.014267768665777905
Kalman filter,2022-09-26,2022-10-03,1,5,-0.0065058198239304685,0.002004962022090739,-0.008510781846021206
Kalman filter,2022-11-14,2022-11-21,-1,5,0.006935029773873016,0.002006291369662498,0.004928738404210518
Kalman filter,2023-01-11,2023-01-13,1,2,0.016891291686295905,0.0020001262723725044,0.0148911654139234
Kalman filter,2023-04-06,2023-04-12,-1,3,0.010097109502690296,0.002002330125677811,0.008094779377012484
Kalman filter,2023-05-08,2023-05-12,1,4,0.008357447126877056,0.0020026284775679732,0.006354818649309083
Kalman filter,2023-07-03,2023-07-06,-1,3,0.014388462002232457,0.002002901330540906,0.01238556067169155
Kalman filter,2023-09-21,2023-09-29,1,6,-0.01062505361222775,0.0020061995910316335,-0.012631253203259384
Kalman filter,2023-11-30,2023-12-13,-1,9,-0.024760859828564387,0.0020086973483171462,-0.026769557176881533
Kalman filter,2024-01-18,2024-01-19,1,1,-0.024119409054038306,0.002,-0.026119409054038305
Kalman filter,2024-01-23,2024-01-24,1,1,-0.024698350979646115,0.002,-0.026698350979646117
Kalman filter,2024-04-05,2024-04-12,-1,4,0.007022745122128744,0.002004469229956857,0.005018275892171888
Kalman filter,2024-04-26,2024-05-07,-1,6,-0.008181621096749109,0.0020051850543436047,-0.010186806151092714
Kalman filter,2024-05-09,2024-05-15,1,4,-0.00023681352532674803,0.002003487456100411,-0.002240300981427159
Kalman filter,2024-07-08,2024-07-18,1,7,-0.005746762137446733,0.002007675929931115,-0.007754438067377848
Kalman filter,2024-10-07,2024-10-15,1,6,-0.000994564938561782,0.0020047131496536592,-0.002999278088215441
Kalman filter,2024-10-22,2024-10-31,-1,7,-0.01104658837061765,0.002006391097218177,-0.013052979467835828
