Date,Static OLS,Rolling OLS,Kalman filter
2020-01-01,0.0,0.0,0.0
2020-01-02,0.0,0.0,0.0
2020-01-03,0.0,0.0,0.0
2020-01-06,0.0,0.0,0.0
2020-01-07,0.0,0.0,1.0
2020-01-08,0.0,0.0,0.0003012068243510857
2020-01-09,0.0,0.0,0.00020200231679753933
2020-01-10,0.0,0.0,1.0
2020-01-13,0.0,0.0,0.0
2020-01-14,0.0,0.0,0.0
2020-01-15,0.0,0.0,0.0
2020-01-16,0.0,0.0,0.0
2020-01-17,0.0,0.0,0.0
2020-01-20,0.0,0.0,0.0
2020-01-21,0.0,0.0,0.0
2020-01-22,0.0,0.0,0.0
2020-01-23,0.0,0.0,0.0
2020-01-24,0.0,0.0,0.0
2020-01-27,0.0,0.0,0.0
2020-01-28,0.0,0.0,1.0
2020-01-29,0.0,0.0,0.0007794003608175282
2020-01-30,0.0,0.0,0.9999999999999999
2020-01-31,0.0,0.0,0.0
2020-02-03,0.9999999999999998,0.0,0.0
2020-02-04,0.0,1.0,1.0
2020-02-05,0.0,0.033012683571751134,1.0
2020-02-06,0.0,0.009230624691690587,0.0
2020-02-07,0.0,0.0063365309467878494,0.0
2020-02-10,0.9999999999999998,0.028881548117493605,0.0
2020-02-11,0.0,0.012276076024409,0.0
2020-02-12,0.0,0.004170934383360997,0.0
2020-02-13,0.0,1.0,0.0
2020-02-14,0.0,0.0,0.0
2020-02-17,0.0,0.0,0.0
2020-02-18,0.0,0.0,0.0
2020-02-19,0.9999999999999998,0.0,0.0
2020-02-20,0.0,0.0,0.0
2020-02-24,0.0,0.0,0.0
2020-02-25,0.0,0.0,0.0
2020-02-26,0.0,0.0,0.0
2020-02-27,0.0,0.0,0.0
2020-02-28,0.0,0.0,0.0
2020-03-02,0.0,0.0,0.0
2020-03-03,0.9999999999999998,0.0,0.0
2020-03-04,0.0,0.0,0.0
2020-03-05,0.0,0.0,1.0
2020-03-06,0.9999999999999998,1.0,0.0015340016309821902
2020-03-09,0.0,0.04558273594141199,0.0016722031543797422
2020-03-11,0.0,0.08089387694902683,0.0019085033333716694
2020-03-12,0.0,0.04660338390167651,0.001254082058752104
2020-03-13,0.0,0.06757986543399258,1.0
2020-03-16,0.9999999999999998,1.0,0.0
2020-03-17,0.0,0.0,1.0
2020-03-18,0.0,1.0,0.002313086842949924
2020-03-19,0.0,0.035193234556895214,1.0
2020-03-20,0.0,0.008132193698974388,1.0000000000000002
2020-03-23,0.0,1.0,0.004029172143816678
2020-03-24,0.0,0.0,1.0
2020-03-25,0.9999999999999998,1.0,1.0
2020-03-26,0.0,0.009721452384944318,1.0
2020-03-27,0.0,0.00747678705645799,0.0
2020-03-30,0.0,0.006589952766004159,0.0
2020-03-31,0.0,0.008941584724168117,0.0
2020-04-01,0.0,0.004326035549728213,0.0
2020-04-03,0.9999999999999998,0.9999999999999999,0.0
2020-04-07,0.0,1.0,0.0
2020-04-08,0.0,0.009090075457699742,0.9999999999999999
2020-04-09,0.0,0.008767582022738973,0.0023097465486019153
2020-04-13,0.0,0.0034086299143932797,0.0034396831361407365
2020-04-15,0.0,0.0024886634745847624,0.000704561280853444
2020-04-16,0.0,0.006499663156406876,0.9999999999999999
2020-04-17,0.9999999999999998,0.012708925002823057,0.0
2020-04-20,0.0,0.008142889392817099,0.0
2020-04-21,0.0,0.011331064528296186,1.0
2020-04-22,0.0,0.014367106402494889,0.0017675183979341536
2020-04-23,0.0,0.01115341873175918,0.0015602401163175295
2020-04-24,0.0,0.005043030745002508,0.001804421767273412
2020-04-27,0.0,0.004666160046853107,0.9999999999999999
2020-04-28,0.9999999999999998,1.0,0.0
2020-04-29,0.0,0.0,0.0
2020-04-30,0.0,0.0,0.0
2020-05-04,0.0,0.0,0.0
2020-05-05,0.0,0.0,0.0
2020-05-06,0.0,0.0,0.0
2020-05-07,0.0,0.0,0.0
2020-05-08,0.0,0.0,0.0
2020-05-11,0.0,0.0,0.0
2020-05-12,0.0,0.0,0.0
2020-05-13,0.0,0.0,0.0
2020-05-14,0.0,0.0,0.0
2020-05-15,0.0,0.0,0.0
2020-05-18,0.0,0.0,0.0
2020-05-19,0.0,0.0,0.0
2020-05-20,0.0,0.0,0.0
2020-05-21,0.0,0.0,0.0
2020-05-22,0.0,0.0,0.0
2020-05-26,0.0,0.0,0.0
2020-05-27,0.0,0.0,0.0
2020-05-28,0.0,0.0,0.0
2020-05-29,0.0,0.0,0.0
2020-06-01,0.0,0.0,0.0
2020-06-02,0.0,0.0,0.0
2020-06-03,0.0,0.0,0.0
2020-06-04,0.0,0.0,0.0
2020-06-05,0.0,0.0,0.0
2020-06-08,0.0,0.0,0.0
2020-06-09,0.0,0.0,0.0
2020-06-10,0.0,0.0,0.0
2020-06-11,0.0,0.0,0.0
2020-06-12,0.0,0.0,0.0
2020-06-15,0.0,0.0,0.0
2020-06-16,0.0,0.0,0.0
2020-06-17,0.0,0.0,0.0
2020-06-18,0.0,0.0,0.0
2020-06-19,0.0,0.0,0.0
2020-06-22,0.0,0.0,0.0
2020-06-23,0.0,0.0,0.0
2020-06-24,0.0,0.0,0.0
2020-06-25,0.0,0.0,0.0
2020-06-26,0.0,0.0,0.0
2020-06-29,0.0,0.0,0.0
2020-06-30,0.0,0.0,0.0
2020-07-01,0.0,0.0,0.0
2020-07-02,0.0,0.0,0.0
2020-07-03,0.0,0.0,0.0
2020-07-06,0.0,0.0,0.0
2020-07-07,0.0,0.0,0.0
2020-07-08,0.0,0.0,0.0
2020-07-09,0.0,0.0,0.0
2020-07-10,0.0,0.0,0.0
2020-07-13,0.0,0.0,0.0
2020-07-14,0.0,0.0,0.0
2020-07-15,0.0,0.0,0.0
2020-07-16,0.0,0.0,0.0
2020-07-17,0.0,0.0,0.0
2020-07-20,0.0,0.0,0.0
2020-07-21,0.9999999999999998,0.9999999999999998,0.0
2020-07-22,0.0,0.006997277373000432,0.0
2020-07-23,0.0,0.008198503912663968,0.0
2020-07-24,0.0,1.0,0.0
2020-07-27,0.0,0.0,0.0
2020-07-28,0.0,0.0,0.0
2020-07-29,0.9999999999999998,1.0,0.0
2020-07-30,0.0,0.007980444905221207,0.0
2020-07-31,0.0,0.006520735617652151,0.0
2020-08-03,0.0,0.0030137441466889237,0.0
2020-08-04,0.0,0.0008474872668871591,0.0
2020-08-05,0.0,0.0019184260744602444,0.0
2020-08-06,0.0,0.005640680084210259,0.0
2020-08-07,0.0,0.004513340665651289,0.0
2020-08-10,0.0,0.0012460266819620536,0.0
2020-08-11,0.0,0.0022837972666249207,0.0
2020-08-12,0.0,0.003340387543777079,0.0
2020-08-13,0.0,0.005593461709337777,0.0
2020-08-14,0.0,0.007759839186459838,0.0
2020-08-17,0.0,0.00542021034248541,0.0
2020-08-18,0.0,0.031287490869963686,0.0
2020-08-19,0.0,0.03936301854779006,0.0
2020-08-20,0.0,0.038417607749831495,0.0
2020-08-21,0.0,0.018139360411867034,0.0
2020-08-24,0.0,1.0,0.0
2020-08-25,0.0,0.0,0.0
2020-08-26,0.0,0.0,0.0
2020-08-27,0.0,0.0,0.0
2020-08-28,0.0,0.0,0.0
2020-08-31,0.0,0.0,0.0
2020-09-01,0.0,0.0,0.0
2020-09-02,0.0,0.0,0.0
2020-09-03,0.0,0.0,0.0
2020-09-04,0.0,0.0,0.0
2020-09-07,0.0,0.0,0.0
2020-09-08,0.0,0.0,0.0
2020-09-09,0.0,0.0,0.0
2020-09-10,0.0,0.0,0.0
2020-09-11,0.0,0.0,0.0
2020-09-14,0.0,0.0,0.0
2020-09-15,0.0,0.0,0.0
2020-09-16,0.0,0.0,0.0
2020-09-17,0.0,0.0,0.0
2020-09-18,0.0,0.0,0.0
2020-09-21,0.0,0.0,0.0
2020-09-22,0.0,0.0,0.0
2020-09-23,0.0,0.0,0.0
2020-09-24,0.0,0.0,0.0
2020-09-25,0.0,0.0,0.0
2020-09-28,0.0,0.0,0.0
2020-09-29,0.0,0.0,0.0
2020-09-30,0.0,0.0,0.0
2020-10-01,0.0,0.0,0.0
2020-10-05,0.0,0.0,0.0
2020-10-06,0.0,0.0,0.0
2020-10-07,0.0,0.0,1.0
2020-10-08,0.9999999999999998,1.0,0.002835805300068689
2020-10-09,0.0,0.023766464506442597,0.0034679165316787164
2020-10-12,0.0,0.02976528877886675,0.004385772155358902
2020-10-13,0.0,0.03153968356197995,0.002402907085452488
2020-10-14,0.0,0.015294797002975202,1.0
2020-10-15,0.0,0.00651735969976408,0.0
2020-10-16,0.0,0.026144956353326365,0.0
2020-10-19,0.0,0.01204024601706355,0.0
2020-10-20,0.0,0.031369905950224375,0.0
2020-10-21,0.0,0.028537160178666143,0.0
2020-10-22,0.0,0.06355133508142102,0.0
2020-10-23,0.0,0.06247740106309008,0.0
2020-10-26,0.0,0.05413141307301805,0.0
2020-10-27,0.0,0.041789014950542214,0.0
2020-10-28,0.9999999999999998,1.0,0.0
2020-10-29,0.0,0.0,0.0
2020-10-30,0.0,0.0,1.0
2020-11-02,0.0,0.0,0.0019311085512462578
2020-11-03,0.0,0.0,0.9999999999999999
2020-11-04,0.0,0.0,0.0
2020-11-05,0.0,0.0,0.0
2020-11-06,0.0,0.0,0.0
2020-11-09,0.0,0.0,0.0
2020-11-10,0.0,0.0,0.0
2020-11-11,0.0,0.0,1.0
2020-11-12,0.0,0.0,0.0021877167148238175
2020-11-13,0.0,0.0,1.0
2020-11-14,0.0,0.0,0.0
2020-11-17,0.0,0.0,0.0
2020-11-18,0.0,0.0,0.0
2020-11-19,0.0,0.0,0.0
2020-11-20,0.0,0.0,0.0
2020-11-23,0.0,0.0,0.0
2020-11-24,0.0,0.0,0.0
2020-11-25,0.0,0.0,0.0
2020-11-26,0.0,0.0,0.0
2020-11-27,0.0,0.0,0.0
2020-12-01,0.0,0.0,0.0
2020-12-02,0.0,0.0,0.0
2020-12-03,0.0,0.0,0.0
2020-12-04,0.0,0.0,0.0
2020-12-07,0.0,0.0,0.0
2020-12-08,0.0,0.0,0.0
2020-12-09,0.0,0.0,0.0
2020-12-10,0.0,0.0,0.0
2020-12-11,0.0,0.0,0.0
2020-12-14,0.0,0.0,0.0
2020-12-15,0.0,0.0,0.0
2020-12-16,0.0,0.0,0.0
2020-12-17,0.0,0.0,0.0
2020-12-18,0.0,0.0,0.0
2020-12-21,0.0,0.0,0.0
2020-12-22,0.0,0.0,0.0
2020-12-23,0.0,0.0,0.0
2020-12-24,0.0,0.0,0.0
2020-12-28,0.0,0.0,0.0
2020-12-29,0.0,0.0,0.0
2020-12-30,0.0,0.0,0.0
2020-12-31,0.0,0.0,0.0
2021-01-01,0.0,0.0,0.0
2021-01-04,0.0,0.0,0.0
2021-01-05,0.0,0.0,0.0
2021-01-06,0.0,0.0,0.0
2021-01-07,0.0,0.0,0.0
2021-01-08,0.0,0.0,0.0
2021-01-11,0.0,0.0,0.0
2021-01-12,0.0,0.0,0.0
2021-01-13,0.0,0.0,0.0
2021-01-14,0.0,0.0,0.0
2021-01-15,0.0,0.0,0.0
2021-01-18,0.0,0.0,0.0
2021-01-19,0.0,1.0,0.0
2021-01-20,0.0,0.039439028167141676,0.0
2021-01-21,0.0,0.027473421285078403,0.0
2021-01-22,0.0,0.004680902171433188,0.0
2021-01-25,0.0,0.012508431493909677,0.0
2021-01-27,0.9999999999999998,0.03960033774353083,0.0
2021-01-28,0.0,0.05693305750958966,0.0
2021-01-29,0.0,1.0,1.0
2021-02-01,0.0,0.0,0.000542889254828538
2021-02-02,0.0,0.0,1.0
2021-02-03,0.0,1.0,1.0
2021-02-04,0.0,0.09219638407943245,0.0032697663944982747
2021-02-05,0.0,0.03214729475165326,0.0020438502295438976
2021-02-08,0.0,0.07524272685177599,0.001481036728570806
2021-02-09,0.0,0.049268713913566825,0.0014976751001233302
2021-02-10,0.0,0.024255566330488587,0.0013367615861918924
2021-02-11,0.0,0.0027569211321594733,1.0
2021-02-12,0.0,0.008809702763808491,0.0
2021-02-15,0.0,0.029530303289268645,0.0
2021-02-16,0.0,0.057501169257326346,0.0
2021-02-17,0.0,0.055606975179040896,0.0
2021-02-18,0.0,0.03542884448061895,0.0
2021-02-19,0.0,0.011787916102030782,0.0
2021-02-22,0.0,1.0,0.0
2021-02-23,0.0,0.0,0.0
2021-02-24,0.0,0.0,0.0
2021-02-25,0.0,0.0,0.0
2021-02-26,0.0,0.0,0.0
2021-03-01,0.0,0.0,0.0
2021-03-02,0.0,0.0,0.0
2021-03-03,0.0,0.0,0.0
2021-03-04,0.0,0.0,0.0
2021-03-05,0.0,0.0,0.0
2021-03-08,0.9999999999999998,0.0,0.0
2021-03-09,0.0,0.0,0.0
2021-03-10,0.0,0.0,0.0
2021-03-12,0.0,0.0,0.0
2021-03-15,0.0,0.0,0.0
2021-03-16,0.0,0.0,0.0
2021-03-17,0.0,0.0,0.0
2021-03-18,0.0,0.0,0.0
2021-03-19,0.0,0.0,0.0
2021-03-22,0.0,0.0,0.0
2021-03-23,0.0,0.0,0.0
2021-03-24,0.0,0.0,0.0
2021-03-25,0.0,0.0,0.0
2021-03-26,0.0,0.0,0.0
2021-03-30,0.0,0.0,0.0
2021-03-31,0.0,0.0,0.0
2021-04-01,0.0,0.0,0.0
2021-04-05,0.0,0.0,0.0
2021-04-06,0.0,0.0,0.0
2021-04-07,0.0,0.0,0.0
2021-04-08,0.0,0.0,0.0
2021-04-09,0.0,1.0,0.0
2021-04-12,0.0,0.026587020793438276,0.0
2021-04-13,0.0,0.025285039338863224,1.0
2021-04-15,0.0,0.012752369342101777,0.000891596457223226
2021-04-16,0.0,0.00824626403942691,1.0
2021-04-19,0.0,0.0037922889734645637,0.0
2021-04-20,0.0,0.0039053575157576015,0.0
2021-04-22,0.0,0.004096844234031727,0.0
2021-04-23,0.0,0.0029017375432076054,0.0
2021-04-26,0.0,0.002773832417683475,0.0
2021-04-27,0.0,0.004128785923168621,0.0
2021-04-28,0.0,0.0007767194078153183,0.0
2021-04-29,0.0,0.0047934483610374,0.0
2021-04-30,0.0,0.010072383961901077,0.0
2021-05-03,0.0,0.0010297274043812865,0.0
2021-05-04,0.0,0.001802441693162904,0.0
2021-05-05,0.0,0.00632076281946925,0.0
2021-05-06,0.0,0.004968202874407357,0.0
2021-05-07,0.0,0.0022778882302150194,0.0
2021-05-10,0.0,0.0041074572869706505,0.0
2021-05-11,0.0,0.0018749372160857258,0.0
2021-05-12,0.0,0.002411630814597332,0.0
2021-05-14,0.0,0.0001662736981941637,0.0
2021-05-17,0.0,0.004100466653247148,0.0
2021-05-18,0.0,1.0,0.0
2021-05-19,0.0,0.0,1.0
2021-05-20,0.0,0.0,0.00113561403730289
2021-05-21,0.0,0.0,1.0
2021-05-24,0.0,0.0,1.0
2021-05-25,0.9999999999999998,0.0,0.0018281994784522526
2021-05-26,0.0,0.0,1.0
2021-05-27,0.0,0.0,0.0
2021-05-28,0.0,0.0,0.0
2021-05-31,0.0,0.0,0.0
2021-06-01,0.0,0.0,0.0
2021-06-02,0.0,0.0,0.0
2021-06-03,0.0,0.0,0.0
2021-06-04,0.0,0.0,0.0
2021-06-07,0.9999999999999998,0.0,0.0
2021-06-08,0.0,0.0,0.0
2021-06-09,0.0,0.0,0.0
2021-06-10,0.0,0.0,0.0
2021-06-11,0.0,0.0,0.0
2021-06-14,0.0,0.0,0.0
2021-06-15,0.0,0.0,0.0
2021-06-16,0.0,0.0,0.0
2021-06-17,0.0,0.0,0.0
2021-06-18,0.0,0.0,0.0
2021-06-21,0.0,0.0,0.0
2021-06-22,0.0,0.0,0.0
2021-06-23,0.0,0.0,0.0
2021-06-24,0.0,0.0,0.0
2021-06-25,0.9999999999999998,0.0,0.0
2021-06-28,0.0,0.0,0.0
2021-06-29,0.0,0.0,0.0
2021-06-30,0.0,1.0,0.0
2021-07-01,0.0,0.07950512526415426,0.0
2021-07-02,0.0,0.045073113839129986,0.0
2021-07-05,0.0,0.03588814481827346,0.0
2021-07-06,0.0,0.014903419075238511,0.0
2021-07-07,0.0,0.011192688751929136,0.0
2021-07-08,0.0,0.0472130446479726,0.0
2021-07-09,0.0,0.06264780398316433,0.0
2021-07-12,0.0,0.013339318460771576,0.0
2021-07-13,0.0,0.9999999999999999,0.0
2021-07-14,0.0,0.0,0.0
2021-07-15,0.0,0.0,0.0
2021-07-16,0.0,0.0,0.0
2021-07-19,0.0,0.0,0.0
2021-07-20,0.0,0.0,0.0
2021-07-22,0.9999999999999998,0.0,1.0
2021-07-23,0.0,0.0,0.0009835212387685477
2021-07-26,0.0,0.0,0.001105506913255505
2021-07-27,0.0,0.0,0.0012994558224742048
2021-07-28,0.0,0.0,1.0
2021-07-29,0.0,0.0,0.0
2021-07-30,0.0,0.0,0.0
2021-08-02,0.0,0.0,0.0
2021-08-03,0.0,0.0,0.0
2021-08-04,0.0,0.0,0.0
2021-08-05,0.0,0.0,0.0
2021-08-06,0.0,0.0,0.0
2021-08-09,0.0,0.0,0.0
2021-08-10,0.0,0.0,0.0
2021-08-11,0.0,0.0,0.0
2021-08-12,0.0,0.0,0.0
2021-08-13,0.0,0.0,0.0
2021-08-16,0.0,0.0,0.0
2021-08-17,0.0,0.0,0.0
2021-08-18,0.0,0.0,0.0
2021-08-20,0.0,0.0,0.0
2021-08-23,0.9999999999999998,0.0,0.0
2021-08-24,0.0,0.0,0.0
2021-08-25,0.0,0.0,1.0
2021-08-26,0.0,0.0,0.001270365055709044
2021-08-27,0.0,0.0,0.0008567197159858875
2021-08-30,0.0,0.0,1.0
2021-08-31,0.0,0.0,0.0
2021-09-01,0.0,0.0,0.0
2021-09-02,0.0,0.0,0.0
2021-09-03,0.0,0.0,0.0
2021-09-06,0.0,0.0,0.0
2021-09-07,0.0,0.0,0.0
2021-09-08,0.0,0.0,0.0
2021-09-09,0.9999999999999998,0.0,0.0
2021-09-13,0.0,0.0,0.0
2021-09-14,0.0,0.0,0.0
2021-09-15,0.0,0.0,0.0
2021-09-16,0.0,0.0,0.0
2021-09-17,0.9999999999999998,0.0,0.0
2021-09-20,0.0,0.9999999999999999,0.0
2021-09-21,0.0,0.055450804936444,0.0
2021-09-22,0.0,0.047504996587239945,0.0
2021-09-23,0.0,0.037726714580261056,0.0
2021-09-24,0.0,0.0179259791458517,0.0
2021-09-27,0.0,1.0,0.0
2021-09-28,0.0,0.0,0.0
2021-09-29,0.0,0.0,0.0
2021-09-30,0.0,0.0,0.0
2021-10-01,0.0,0.0,0.0
2021-10-04,0.0,0.0,0.0
2021-10-05,0.0,0.0,0.0
2021-10-06,0.0,0.0,0.0
2021-10-07,0.0,0.0,0.0
2021-10-08,0.0,0.0,0.0
2021-10-11,0.9999999999999998,0.0,0.0
2021-10-12,0.0,0.0,0.0
2021-10-13,0.0,0.0,0.0
2021-10-14,0.0,0.0,0.0
2021-10-18,0.0,0.0,1.0
2021-10-19,0.0,0.0,0.0007661410472021846
2021-10-20,0.0,0.0,0.0009160554169503343
2021-10-21,0.0,0.0,1.0
2021-10-22,0.0,0.0,0.0
2021-10-25,0.0,0.0,0.0
2021-10-26,0.0,0.0,0.0
2021-10-27,0.9999999999999998,0.0,1.0
2021-10-28,0.0,0.0,0.0011200269800071272
2021-10-29,0.0,0.0,0.0014609025113657137
2021-11-01,0.0,0.0,0.0007899396274578807
2021-11-02,0.0,0.0,0.00031707905445188533
2021-11-03,0.0,0.0,1.0
2021-11-04,0.0,0.0,0.0
2021-11-08,0.0,0.0,0.0
2021-11-09,0.0,0.0,0.0
2021-11-10,0.0,0.0,0.0
2021-11-11,0.0,0.0,0.0
2021-11-12,0.0,0.0,0.0
2021-11-15,0.0,0.0,0.0
2021-11-16,0.0,0.0,0.0
2021-11-17,0.0,0.0,0.0
2021-11-18,0.0,0.0,0.0
2021-11-22,0.0,0.0,0.0
2021-11-23,0.0,0.0,0.0
2021-11-24,0.0,0.0,0.0
2021-11-25,0.0,0.0,0.0
2021-11-26,0.0,0.0,0.0
2021-11-29,0.0,0.0,0.0
2021-11-30,0.0,0.0,0.0
2021-12-01,0.0,0.0,0.0
2021-12-02,0.0,0.0,0.0
2021-12-03,0.9999999999999998,0.0,0.0
2021-12-06,0.0,0.0,0.0
2021-12-07,0.0,0.0,0.0
2021-12-08,0.0,0.0,0.0
2021-12-09,0.0,0.0,1.0
2021-12-10,0.0,0.0,1.0
2021-12-13,0.0,0.0,0.0
2021-12-14,0.0,0.0,0.0
2021-12-15,0.0,0.0,0.0
2021-12-16,0.0,0.0,0.0
2021-12-17,0.0,0.0,0.0
2021-12-20,0.0,0.0,0.0
2021-12-21,0.0,0.0,0.0
2021-12-22,0.0,0.0,0.0
2021-12-23,0.0,0.0,0.0
2021-12-24,0.0,0.0,0.0
2021-12-27,0.0,0.0,0.0
2021-12-28,0.0,0.0,0.0
2021-12-29,0.0,0.0,0.0
2021-12-30,0.0,0.0,0.0
2021-12-31,0.0,0.0,0.0
2022-01-03,0.0,0.0,0.0
2022-01-04,0.0,0.0,1.0
2022-01-05,0.0,0.0,0.0011893344806275241
2022-01-06,0.0,0.0,0.0015457366499169733
2022-01-07,0.0,0.0,0.00045809976934357843
2022-01-10,0.0,0.0,0.0005846903107200596
2022-01-11,0.0,0.0,0.00031341070062074206
2022-01-12,0.0,0.0,0.0005507404937284965
2022-01-13,0.0,0.0,1.0
2022-01-14,0.0,0.0,0.0
2022-01-17,0.0,0.0,0.0
2022-01-18,0.0,0.0,0.0
2022-01-19,0.0,0.0,0.0
2022-01-20,0.0,0.0,0.0
2022-01-21,0.0,0.0,0.0
2022-01-24,0.0,0.0,0.0
2022-01-25,0.0,0.0,0.0
2022-01-27,0.0,0.0,0.0
2022-01-28,0.0,0.0,0.0
2022-01-31,0.0,0.0,0.0
2022-02-01,0.0,0.0,0.0
2022-02-02,0.0,0.0,0.0
2022-02-03,0.0,0.0,0.0
2022-02-04,0.0,0.0,0.0
2022-02-07,0.0,0.0,0.0
2022-02-08,0.0,0.0,0.0
2022-02-09,0.0,0.0,0.0
2022-02-10,0.0,0.0,0.0
2022-02-11,0.0,0.0,0.0
2022-02-14,0.0,0.0,0.0
2022-02-15,0.0,0.0,0.0
2022-02-16,0.0,0.0,0.0
2022-02-17,0.0,0.0,0.0
2022-02-18,0.0,0.0,0.0
2022-02-21,0.0,0.0,0.0
2022-02-22,0.0,0.0,0.0
2022-02-23,0.0,0.0,0.0
2022-02-24,0.0,0.0,0.0
2022-02-25,0.0,1.0,1.0
2022-02-28,0.0,0.011201377869527462,0.001229153922614079
2022-03-02,0.9999999999999998,0.0074191213793385336,0.0017887786328926736
2022-03-03,0.0,1.0,0.0026947999896417274
2022-03-04,0.0,1.0,0.001943689255275105
2022-03-07,0.0,0.024743075143966065,0.0011569122049765734
2022-03-08,0.0,0.04728248761903614,0.0018431984931618628
2022-03-09,0.0,0.03426869745685002,0.0014260311649814117
2022-03-10,0.0,0.013538440418254083,1.0
2022-03-11,0.9999999999999998,0.007488274005364004,0.0
2022-03-14,0.0,0.006570085629060363,0.0
2022-03-15,0.0,1.0,1.0
2022-03-16,0.0,0.0,0.0012047226322629834
2022-03-17,0.0,0.0,0.0015228431887338578
2022-03-21,0.0,0.0,0.0017869280548235
2022-03-22,0.0,0.0,0.0018152985846275893
2022-03-23,0.0,0.0,0.0013406305869558266
2022-03-24,0.0,0.0,0.0007712642984052387
2022-03-25,0.0,0.0,1.0
2022-03-28,0.0,0.0,0.0
2022-03-29,0.0,0.0,0.0
2022-03-30,0.0,0.0,0.0
2022-03-31,0.0,0.0,0.0
2022-04-01,0.0,0.0,0.0
2022-04-04,0.0,0.0,0.0
2022-04-05,0.9999999999999998,1.0,1.0
2022-04-06,0.0,0.013589010438625038,0.002637868545837141
2022-04-07,0.0,0.01849289168842011,1.0
2022-04-08,0.0,0.015532781703361975,0.0
2022-04-11,0.0,0.014792008358504527,0.0
2022-04-12,0.0,0.006493599890949997,0.0
2022-04-13,0.0,0.9999999999999999,0.0
2022-04-18,0.9999999999999998,0.0,0.0
2022-04-19,0.0,0.0,1.0
2022-04-20,0.0,0.0,0.00353443349406668
2022-04-21,0.0,0.0,0.002435959370785168
2022-04-22,0.0,0.0,0.0015567414070591923
2022-04-25,0.0,0.0,0.001432533214916154
2022-04-26,0.0,0.0,0.9999999999999999
2022-04-27,0.0,0.0,0.0
2022-04-28,0.0,0.0,0.0
2022-04-29,0.0,0.0,0.0
2022-05-02,0.0,0.0,0.0
2022-05-04,0.0,0.0,0.0
2022-05-05,0.0,0.0,0.0
2022-05-06,0.9999999999999998,0.0,0.0
2022-05-09,0.0,1.0,0.0
2022-05-10,0.0,0.011346548280122104,0.0
2022-05-11,0.0,0.007250621052812156,0.0
2022-05-12,0.0,0.019966624040727632,0.0
2022-05-13,0.0,0.00744444173844111,0.0
2022-05-16,0.0,0.012976032071000176,0.0
2022-05-17,0.0,0.017635247249127517,0.0
2022-05-18,0.0,0.07317429798230463,0.0
2022-05-19,0.0,0.09215417804420539,0.0
2022-05-20,0.0,0.025833682139822844,0.0
2022-05-23,0.0,0.08035965631602654,0.0
2022-05-24,0.0,0.14875016411008601,0.0
2022-05-25,0.0,0.21021226214815744,0.0
2022-05-26,0.0,0.3164104240996576,0.0
2022-05-27,0.0,1.0,0.0
2022-05-30,0.0,0.0,0.0
2022-05-31,0.0,0.0,0.0
2022-06-01,0.0,0.0,0.0
2022-06-02,0.0,0.0,0.0
2022-06-03,0.0,0.0,0.0
2022-06-06,0.0,0.0,0.0
2022-06-07,0.0,0.0,0.0
2022-06-08,0.0,0.0,0.0
2022-06-09,0.0,0.0,0.0
2022-06-10,0.0,0.0,0.0
2022-06-13,0.9999999999999998,0.0,0.0
2022-06-14,0.0,0.0,0.0
2022-06-15,0.0,0.0,0.0
2022-06-16,0.0,0.0,0.0
2022-06-17,0.0,0.0,0.0
2022-06-20,0.0,0.0,0.0
2022-06-21,0.0,0.0,0.0
2022-06-22,0.0,0.0,0.0
2022-06-23,0.0,0.0,0.0
2022-06-24,0.0,0.0,0.0
2022-06-27,0.0,0.0,0.0
2022-06-28,0.0,0.0,0.0
2022-06-29,0.0,0.0,0.0
2022-06-30,0.0,0.0,0.0
2022-07-01,0.0,0.0,0.0
2022-07-04,0.0,0.0,0.0
2022-07-05,0.0,0.0,0.0
2022-07-06,0.0,0.0,0.0
2022-07-07,0.0,0.0,0.0
2022-07-08,0.0,0.0,0.0
2022-07-11,0.0,0.0,0.0
2022-07-12,0.0,1.0,0.0
2022-07-13,0.0,0.011566370799915224,0.0
2022-07-14,0.0,0.0074893524722189075,0.0
2022-07-15,0.0,0.0008231892625581855,0.0
2022-07-18,0.0,0.0023719016599356574,0.0
2022-07-19,0.0,0.002753419411775579,0.0
2022-07-20,0.0,0.0009523117120294605,0.0
2022-07-21,0.0,0.007105351552044184,0.0
2022-07-22,0.0,0.004693650335890892,0.0
2022-07-25,0.0,0.012702035578340432,0.0
2022-07-26,0.0,0.003442815269538907,0.0
2022-07-27,0.0,0.003682261106362994,0.0
2022-07-28,0.0,0.007852689026916049,0.0
2022-07-29,0.0,0.01984590395726611,0.0
2022-08-01,0.0,0.013808620698538582,0.0
2022-08-02,0.0,0.030822523740286434,0.0
2022-08-03,0.0,0.03406648316708863,0.0
2022-08-04,0.0,0.02559948057393266,0.0
2022-08-05,0.0,0.010395622520968095,0.0
2022-08-08,0.0,0.011961976017715897,0.0
2022-08-10,0.0,0.030972765425945153,0.0
2022-08-11,0.0,0.03181399314284969,0.0
2022-08-12,0.0,0.04490027151417028,0.0
2022-08-16,0.0,0.020681095956157525,0.0
2022-08-17,0.0,0.03464723031558853,0.0
2022-08-18,0.0,0.04383293564902491,0.0
2022-08-19,0.0,0.06133981400295058,0.0
2022-08-22,0.0,0.05449741543643066,0.0
2022-08-23,0.0,0.03242482366613597,0.0
2022-08-24,0.0,1.0,0.0
2022-08-25,0.0,0.0,0.0
2022-08-26,0.0,0.0,0.0
2022-08-29,0.0,0.0,0.0
2022-08-30,0.0,0.0,0.0
2022-09-01,0.0,0.0,0.0
2022-09-02,0.0,0.0,0.0
2022-09-05,0.0,0.0,0.0
2022-09-06,0.0,0.0,0.0
2022-09-07,0.0,0.0,0.0
2022-09-08,0.0,0.0,0.0
2022-09-09,0.0,0.0,0.0
2022-09-12,0.0,0.0,0.0
2022-09-13,0.0,0.0,0.0
2022-09-14,0.0,0.0,0.0
2022-09-15,0.0,0.0,0.0
2022-09-16,0.0,0.0,0.0
2022-09-19,0.0,0.0,0.0
2022-09-20,0.0,0.0,0.0
2022-09-21,0.0,0.0,0.0
2022-09-22,0.0,0.0,0.0
2022-09-23,0.0,0.0,0.0
2022-09-26,0.0,0.0,1.0
2022-09-27,0.0,0.0,0.0012774033754674452
2022-09-28,0.0,0.0,0.0010656867149262395
2022-09-29,0.0,0.0,0.0015256166366025559
2022-09-30,0.0,0.0,0.0010933153637427973
2022-10-03,0.0,0.0,1.0
2022-10-04,0.0,0.0,0.0
2022-10-06,0.0,0.0,0.0
2022-10-07,0.0,0.0,0.0
2022-10-10,0.0,0.0,0.0
2022-10-11,0.0,0.0,0.0
2022-10-12,0.0,0.0,0.0
2022-10-13,0.0,0.0,0.0
2022-10-14,0.0,0.0,0.0
2022-10-17,0.0,0.0,0.0
2022-10-18,0.0,0.0,0.0
2022-10-19,0.0,0.0,0.0
2022-10-20,0.0,0.0,0.0
2022-10-21,0.0,0.0,0.0
2022-10-24,0.9999999999999998,1.0,0.0
2022-10-25,0.0,0.003623338284922728,0.0
2022-10-27,0.9999999999999998,0.010376749290407272,0.0
2022-10-28,0.0,0.0043559097649901735,0.0
2022-10-31,0.0,0.0016547104095266385,0.0
2022-11-01,0.0,1.0,0.0
2022-11-02,0.0,0.0,0.0
2022-11-03,0.0,0.0,0.0
2022-11-04,0.0,0.0,0.0
2022-11-07,0.0,0.0,0.0
2022-11-09,0.0,0.0,0.0
2022-11-10,0.0,0.0,0.0
2022-11-11,0.0,0.0,0.0
2022-11-14,0.9999999999999998,1.0,1.0
2022-11-15,0.0,0.031283370592992965,0.0023655175912294935
2022-11-16,0.0,0.029631893933832254,0.0018837504069127986
2022-11-17,0.0,0.026754295185593968,0.00139698749682593
2022-11-18,0.0,0.019801433243762767,0.0006451141675299366
2022-11-21,0.0,0.021946887469562026,1.0
2022-11-22,0.0,0.011635441181562345,0.0
2022-11-23,0.0,0.00964995046545547,0.0
2022-11-24,0.0,0.00832963096201017,0.0
2022-11-25,0.0,0.014249180452985954,0.0
2022-11-28,0.0,0.007736577876702289,0.0
2022-11-29,0.0,0.009674277510044182,0.0
2022-11-30,0.0,0.007596358912900114,0.0
2022-12-01,0.0,0.010115743363293295,0.0
2022-12-02,0.0,0.014783505216212522,0.0
2022-12-05,0.0,0.008371134487561993,0.0
2022-12-06,0.0,0.007532288818293487,0.0
2022-12-07,0.0,0.010250828700578918,0.0
2022-12-08,0.0,0.008276390831559732,0.0
2022-12-09,0.0,0.006630241409335935,0.0
2022-12-12,0.0,0.003528005605401119,0.0
2022-12-13,0.0,0.003499855724973855,0.0
2022-12-14,0.0,0.0005811959235077491,0.0
2022-12-15,0.0,0.004846177529531315,0.0
2022-12-16,0.0,0.0019346176264639636,0.0
2022-12-19,0.0,0.00600925955656717,0.0
2022-12-20,0.0,0.002773388498354734,0.0
2022-12-21,0.0,0.00941455876317382,0.0
2022-12-22,0.0,0.02897114998718031,0.0
2022-12-23,0.0,0.025284664332576257,0.0
2022-12-26,0.0,0.027431127321435933,0.0
2022-12-27,0.0,0.04904040944414023,0.0
2022-12-28,0.0,0.05422298188265562,0.0
2022-12-29,0.0,0.052869244617839706,0.0
2022-12-30,0.0,0.07220669364047227,0.0
2023-01-02,0.0,0.052608900404923886,0.0
2023-01-03,0.0,0.06853855158906008,0.0
2023-01-04,0.0,0.07459312234795396,0.0
2023-01-05,0.0,1.0,0.0
2023-01-06,0.0,0.0,0.0
2023-01-09,0.0,0.0,0.0
2023-01-10,0.0,0.0,0.0
2023-01-11,0.0,0.0,1.0
2023-01-12,0.0,0.0,0.00012627237250439904
2023-01-13,0.0,0.0,1.0
2023-01-16,0.0,0.0,0.0
2023-01-17,0.0,0.0,0.0
2023-01-18,0.0,0.0,0.0
2023-01-19,0.0,0.0,0.0
2023-01-20,0.0,0.0,0.0
2023-01-23,0.0,0.0,0.0
2023-01-24,0.0,0.0,0.0
2023-01-25,0.0,0.0,0.0
2023-01-27,0.0,0.0,0.0
2023-01-30,0.0,0.0,0.0
2023-01-31,0.0,0.0,0.0
2023-02-01,0.0,0.0,0.0
2023-02-02,0.0,0.0,0.0
2023-02-03,0.0,0.0,0.0
2023-02-06,0.0,0.0,0.0
2023-02-07,0.0,0.0,0.0
2023-02-08,0.0,0.0,0.0
2023-02-09,0.0,0.0,0.0
2023-02-10,0.0,0.0,0.0
2023-02-13,0.0,0.0,0.0
2023-02-14,0.0,0.0,0.0
2023-02-15,0.0,0.0,0.0
2023-02-16,0.0,0.0,0.0
2023-02-17,0.0,0.0,0.0
2023-02-20,0.0,0.0,0.0
2023-02-21,0.0,0.0,0.0
2023-02-22,0.0,0.0,0.0
2023-02-23,0.0,0.0,0.0
2023-02-24,0.0,0.0,0.0
2023-02-27,0.0,0.0,0.0
2023-02-28,0.0,0.0,0.0
2023-03-01,0.0,0.0,0.0
2023-03-02,0.9999999999999998,0.0,0.0
2023-03-03,0.0,0.0,0.0
2023-03-06,0.0,0.0,0.0
2023-03-08,0.0,0.0,0.0
2023-03-09,0.0,0.0,0.0
2023-03-10,0.0,0.0,0.0
2023-03-13,0.0,0.0,0.0
2023-03-14,0.0,0.0,0.0
2023-03-15,0.0,0.0,0.0
2023-03-16,0.0,0.0,0.0
2023-03-17,0.0,0.0,0.0
2023-03-20,0.0,0.0,0.0
2023-03-21,0.0,0.0,0.0
2023-03-22,0.0,0.0,0.0
2023-03-23,0.0,0.0,0.0
2023-03-24,0.0,0.0,0.0
2023-03-27,0.0,0.0,0.0
2023-03-28,0.0,0.0,0.0
2023-03-29,0.0,0.0,0.0
2023-03-31,0.0,0.0,0.0
2023-04-03,0.0,0.0,0.0
2023-04-05,0.0,0.0,0.0
2023-04-06,0.0,0.0,1.0
2023-04-10,0.0,0.0,0.0015072435354881453
2023-04-11,0.0,0.0,0.0008228821423229005
2023-04-12,0.0,0.0,1.0
2023-04-13,0.0,0.0,0.0
2023-04-17,0.0,0.0,0.0
2023-04-18,0.9999999999999998,0.0,0.0
2023-04-19,0.0,0.0,0.0
2023-04-20,0.0,0.0,0.0
2023-04-21,0.0,0.0,0.0
2023-04-24,0.0,0.0,0.0
2023-04-25,0.0,0.0,0.0
2023-04-26,0.0,0.0,0.0
2023-04-27,0.0,0.0,0.0
2023-04-28,0.0,0.0,0.0
2023-05-02,0.0,0.0,0.0
2023-05-03,0.0,0.0,0.0
2023-05-04,0.0,0.0,0.0
2023-05-05,0.0,0.0,0.0
2023-05-08,0.0,1.0,1.0
2023-05-09,0.0,0.026688696141038082,0.0013013746443483187
2023-05-10,0.0,0.019183678458060627,0.0008804810596854673
2023-05-11,0.0,0.016979957936314127,0.00044662186393962244
2023-05-12,0.0,0.013375057101710053,1.0
2023-05-15,0.0,1.0,0.0
2023-05-16,0.0,0.0,0.0
2023-05-17,0.0,0.0,0.0
2023-05-18,0.0,0.0,0.0
2023-05-19,0.0,0.0,0.0
2023-05-22,0.0,0.0,0.0
2023-05-23,0.0,0.0,0.0
2023-05-24,0.0,0.0,0.0
2023-05-25,0.0,0.0,0.0
2023-05-26,0.0,0.0,0.0
2023-05-29,0.0,0.0,0.0
2023-05-30,0.0,0.0,0.0
2023-05-31,0.0,0.0,0.0
2023-06-01,0.0,0.0,0.0
2023-06-02,0.0,0.0,0.0
2023-06-05,0.0,0.0,0.0
2023-06-06,0.0,0.0,0.0
2023-06-07,0.0,0.0,0.0
2023-06-08,0.0,0.0,0.0
2023-06-09,0.0,0.0,0.0
2023-06-12,0.9999999999999998,0.0,0.0
2023-06-13,0.0,0.0,0.0
2023-06-14,0.0,0.0,0.0
2023-06-15,0.0,0.0,0.0
2023-06-16,0.0,0.0,0.0
2023-06-19,0.0,0.0,0.0
2023-06-20,0.0,0.0,0.0
2023-06-21,0.0,0.0,0.0
2023-06-22,0.0,0.0,0.0
2023-06-23,0.0,1.0,0.0
2023-06-26,0.0,0.05014819242101071,0.0
2023-06-27,0.0,0.05703037153604193,0.0
2023-06-28,0.0,0.06685187577129975,0.0
2023-06-30,0.0,0.08689073593101765,0.0
2023-07-03,0.0,0.08920566478088476,1.0
2023-07-04,0.9999999999999998,0.09015106027320996,0.0016248102081023452
2023-07-05,0.0,0.052468085849518786,0.0012765203328035657
2023-07-06,0.0,0.016533847856978257,1.0
2023-07-07,0.0,0.034743508971334644,0.0
2023-07-10,0.0,0.01151900437048213,0.0
2023-07-11,0.0,0.01032640925520363,0.0
2023-07-12,0.0,0.011498247380757123,0.0
2023-07-13,0.9999999999999998,0.9999999999999999,0.0
2023-07-14,0.0,0.0,0.0
2023-07-17,0.0,0.0,0.0
2023-07-18,0.0,0.0,0.0
2023-07-19,0.0,0.0,0.0
2023-07-20,0.0,0.0,0.0
2023-07-21,0.0,0.0,0.0
2023-07-24,0.0,0.0,0.0
2023-07-25,0.0,0.0,0.0
2023-07-26,0.0,0.0,0.0
2023-07-27,0.0,0.0,0.0
2023-07-28,0.0,0.0,0.0
2023-07-31,0.0,0.0,0.0
2023-08-01,0.0,0.0,0.0
2023-08-02,0.0,0.0,0.0
2023-08-03,0.0,0.0,0.0
2023-08-04,0.0,0.0,0.0
2023-08-07,0.0,0.0,0.0
2023-08-08,0.0,0.0,0.0
2023-08-09,0.0,0.0,0.0
2023-08-10,0.0,0.0,0.0
2023-08-11,0.0,0.0,0.0
2023-08-14,0.0,0.0,0.0
2023-08-16,0.0,0.0,0.0
2023-08-17,0.0,0.0,0.0
2023-08-18,0.0,0.0,0.0
2023-08-21,0.0,0.0,0.0
2023-08-22,0.0,0.0,0.0
2023-08-23,0.0,0.0,0.0
2023-08-24,0.0,0.0,0.0
2023-08-25,0.0,0.0,0.0
2023-08-28,0.0,0.0,0.0
2023-08-29,0.0,0.0,0.0
2023-08-30,0.0,0.0,0.0
2023-08-31,0.0,0.0,0.0
2023-09-01,0.0,0.0,0.0
2023-09-04,0.0,0.0,0.0
2023-09-05,0.0,0.0,0.0
2023-09-06,0.0,0.0,0.0
2023-09-07,0.0,0.0,0.0
2023-09-08,0.0,0.0,0.0
2023-09-11,0.0,0.0,0.0
2023-09-12,0.0,0.0,0.0
2023-09-13,0.0,0.0,0.0
2023-09-14,0.0,0.0,0.0
2023-09-15,0.0,0.0,0.0
2023-09-18,0.0,0.0,0.0
2023-09-20,0.0,0.0,0.0
2023-09-21,0.0,0.0,0.9999999999999999
2023-09-22,0.0,0.0,0.0013387219124986194
2023-09-25,0.0,0.0,0.0017172327571517432
2023-09-26,0.9999999999999998,1.0,0.0015741502283956321
2023-09-27,0.0,0.00714934315487914,0.0007029810223430077
2023-09-28,0.0,0.007211028482180359,0.000866505111244753
2023-09-29,0.0,0.000174394943938061,1.0
2023-10-03,0.0,0.0066369024397066045,0.0
2023-10-04,0.0,0.011268785942807558,0.0
2023-10-05,0.9999999999999998,1.0,0.0
2023-10-06,0.0,0.0,0.0
2023-10-09,0.0,0.0,0.0
2023-10-10,0.0,0.0,0.0
2023-10-11,0.0,0.0,0.0
2023-10-12,0.0,0.0,0.0
2023-10-13,0.0,0.0,0.0
2023-10-16,0.0,0.0,0.0
2023-10-17,0.0,0.0,0.0
2023-10-18,0.0,0.0,0.0
2023-10-19,0.0,0.0,0.0
2023-10-20,0.0,0.0,0.0
2023-10-23,0.9999999999999998,0.0,0.0
2023-10-25,0.0,0.0,0.0
2023-10-26,0.0,0.0,0.0
2023-10-27,0.0,0.0,0.0
2023-10-30,0.0,0.0,0.0
2023-10-31,0.0,0.0,0.0
2023-11-01,0.0,0.0,0.0
2023-11-02,0.0,0.0,0.0
2023-11-03,0.0,0.0,0.0
2023-11-06,0.0,0.0,0.0
2023-11-07,0.0,0.0,0.0
2023-11-08,0.0,0.0,0.0
2023-11-09,0.0,0.0,0.0
2023-11-10,0.0,0.0,0.0
2023-11-13,0.0,0.0,0.0
2023-11-15,0.0,0.0,0.0
2023-11-16,0.0,0.0,0.0
2023-11-17,0.0,0.0,0.0
2023-11-20,0.0,0.0,0.0
2023-11-21,0.0,0.0,0.0
2023-11-22,0.0,0.0,0.0
2023-11-23,0.9999999999999998,0.0,0.0
2023-11-24,0.0,0.0,0.0
2023-11-28,0.0,0.0,0.0
2023-11-29,0.0,0.0,0.0
2023-11-30,0.0,1.0,0.9999999999999999
2023-12-01,0.0,0.0007229369161962373,0.0008498868142445271
2023-12-04,0.0,0.003295727650478697,0.0005530694949437698
2023-12-05,0.0,1.0,0.0015743598152167526
2023-12-06,0.0,0.0,0.0014943051120601125
2023-12-07,0.0,0.0,0.0012446750872592838
2023-12-08,0.0,0.0,0.0009240247015067649
2023-12-11,0.0,0.0,0.0012681791129587339
2023-12-12,0.0,0.0,0.0007888481789566915
2023-12-13,0.0,0.0,0.9999999999999999
2023-12-14,0.0,0.0,0.0
2023-12-15,0.0,0.0,0.0
2023-12-18,0.0,0.0,0.0
2023-12-19,0.0,0.0,0.0
2023-12-20,0.0,0.0,0.0
2023-12-21,0.9999999999999998,0.9999999999999999,0.0
2023-12-22,0.0,0.008994222680911712,0.0
2023-12-26,0.0,0.002737861331560121,0.0
2023-12-27,0.0,1.0,0.0
2023-12-28,0.0,0.0,0.0
2023-12-29,0.9999999999999998,0.0,0.0
2024-01-01,0.0,0.0,0.0
2024-01-02,0.0,0.0,0.0
2024-01-03,0.0,0.0,0.0
2024-01-04,0.0,0.0,0.0
2024-01-05,0.0,0.0,0.0
2024-01-08,0.0,0.0,0.0
2024-01-09,0.0,1.0,0.0
2024-01-10,0.0,0.0015901066387417617,0.0
2024-01-11,0.0,0.002783458373901926,0.0
2024-01-12,0.0,0.0017191446149381617,0.0
2024-01-15,0.0,0.0016365757519000712,0.0
2024-01-16,0.0,0.0011994309218306132,0.0
2024-01-17,0.0,0.0019286180755249127,0.0
2024-01-18,0.0,1.0,1.0
2024-01-19,0.9999999999999998,1.0,1.0
2024-01-23,0.0,0.004456104240363579,1.0
2024-01-24,0.0,1.0,1.0
2024-01-25,0.0,1.0,0.0
2024-01-29,0.0,0.012729543469599758,0.0
2024-01-30,0.0,0.0003443748537392821,0.0
2024-01-31,0.0,0.007155439167769284,0.0
2024-02-01,0.0,0.0032264064685347815,0.0
2024-02-02,0.0,0.004642304260924157,0.0
2024-02-05,0.0,0.0022332613501815923,0.0
2024-02-06,0.0,0.003925239306273476,0.0
2024-02-07,0.0,0.005733150925737784,0.0
2024-02-08,0.0,0.008092084676970757,0.0
2024-02-09,0.0,0.013139117978247128,0.0
2024-02-12,0.0,0.014717806774153464,0.0
2024-02-13,0.0,1.0,0.0
2024-02-14,0.0,0.0,0.0
2024-02-15,0.0,0.0,0.0
2024-02-16,0.0,0.0,0.0
2024-02-19,0.0,0.0,0.0
2024-02-20,0.0,0.0,0.0
2024-02-21,0.0,0.0,0.0
2024-02-22,0.0,0.0,0.0
2024-02-23,0.0,0.0,0.0
2024-02-26,0.0,0.0,0.0
2024-02-27,0.0,0.0,0.0
2024-02-28,0.0,0.0,0.0
2024-02-29,0.9999999999999998,0.0,0.0
2024-03-01,0.0,0.0,0.0
2024-03-04,0.0,0.0,0.0
2024-03-05,0.0,0.0,0.0
2024-03-06,0.0,0.0,0.0
2024-03-07,0.0,0.0,0.0
2024-03-11,0.0,0.0,0.0
2024-03-12,0.0,0.0,0.0
2024-03-13,0.0,0.0,0.0
2024-03-14,0.0,0.0,0.0
2024-03-15,0.0,0.0,0.0
2024-03-18,0.0,0.0,0.0
2024-03-19,0.0,0.0,0.0
2024-03-20,0.0,0.0,0.0
2024-03-21,0.0,0.0,0.0
2024-03-22,0.0,0.0,0.0
2024-03-26,0.0,0.0,0.0
2024-03-27,0.0,0.0,0.0
2024-03-28,0.0,0.0,0.0
2024-04-01,0.0,0.0,0.0
2024-04-02,0.0,0.0,0.0
2024-04-03,0.0,0.0,0.0
2024-04-04,0.0,0.0,0.0
2024-04-05,0.0,0.0,1.0
2024-04-08,0.0,0.0,0.002043842451532718
2024-04-09,0.0,0.0,0.001338286069073935
2024-04-10,0.0,0.0,0.0010871014362504594
2024-04-12,0.0,0.0,0.9999999999999999
2024-04-15,0.0,0.0,0.0
2024-04-16,0.0,0.0,0.0
2024-04-18,0.0,0.0,0.0
2024-04-19,0.0,0.0,0.0
2024-04-22,0.0,0.0,0.0
2024-04-23,0.0,0.0,0.0
2024-04-24,0.0,0.0,0.0
2024-04-25,0.0,0.0,0.0
2024-04-26,0.9999999999999998,1.0,1.0
2024-04-29,0.9999999999999998,0.17348265463760054,0.0010831113772420964
2024-04-30,0.9999999999999998,0.11362212387318638,0.001208304706484642
2024-05-02,0.0,0.10653761515112992,0.0007834567289388694
2024-05-03,0.9999999999999998,0.18711934444961392,0.0012591644740307384
2024-05-06,0.9999999999999998,0.15812932773019245,0.0008510170569083209
2024-05-07,0.0,0.062172248426584566,1.0
2024-05-08,0.0,0.026881237531772156,0.0
2024-05-09,0.0,1.0,0.9999999999999999
2024-05-10,0.0,0.0,0.002148952898233636
2024-05-13,0.0,0.0,0.0010227340215084868
2024-05-14,0.0,0.0,0.00031576918066900106
2024-05-15,0.0,0.0,1.0
2024-05-16,0.0,0.0,0.0
2024-05-17,0.0,0.0,0.0
2024-05-21,0.0,0.0,0.0
2024-05-22,0.9999999999999998,0.0,0.0
2024-05-23,0.0,0.0,0.0
2024-05-24,0.0,0.0,0.0
2024-05-27,0.0,0.0,0.0
2024-05-28,0.0,0.0,0.0
2024-05-29,0.0,0.0,0.0
2024-05-30,0.0,0.0,0.0
2024-05-31,0.0,0.0,0.0
2024-06-03,0.0,0.0,0.0
2024-06-04,0.0,0.0,0.0
2024-06-05,0.0,0.0,0.0
2024-06-06,0.0,0.0,0.0
2024-06-07,0.0,0.0,0.0
2024-06-10,0.0,0.0,0.0
2024-06-11,0.0,0.0,0.0
2024-06-12,0.0,0.0,0.0
2024-06-13,0.0,0.0,0.0
2024-06-14,0.0,0.0,0.0
2024-06-18,0.0,0.0,0.0
2024-06-19,0.0,0.0,0.0
2024-06-20,0.0,1.0,0.0
2024-06-21,0.0,0.07869695676966634,0.0
2024-06-24,0.0,0.09389047684632877,0.0
2024-06-25,0.0,0.08298339721042189,0.0
2024-06-26,0.0,0.09738036595477173,0.0
2024-06-27,0.0,0.08357710476106006,0.0
2024-06-28,0.0,0.0919945841116141,0.0
2024-07-01,0.0,0.06826070035514964,0.0
2024-07-02,0.0,0.06460084025040669,0.0
2024-07-03,0.0,0.03579507512998842,0.0
2024-07-04,0.0,0.04497021799431228,0.0
2024-07-05,0.0,0.03486307383765397,0.0
2024-07-08,0.0,0.9999999999999999,1.0
2024-07-09,0.0,0.0,0.0023360497581210726
2024-07-10,0.0,0.0,0.001568699736700041
2024-07-11,0.0,0.0,0.0012269436187317129
2024-07-12,0.0,0.0,0.0011898653803967263
2024-07-15,0.0,0.0,0.0007069977298705954
2024-07-16,0.0,0.0,0.0006473737072947294
2024-07-18,0.0,0.0,1.0
2024-07-19,0.0,0.0,0.0
2024-07-22,0.0,0.0,0.0
2024-07-23,0.0,0.0,0.0
2024-07-24,0.0,0.0,0.0
2024-07-25,0.0,0.0,0.0
2024-07-26,0.0,0.0,0.0
2024-07-29,0.0,0.0,0.0
2024-07-30,0.0,0.0,0.0
2024-07-31,0.0,0.0,0.0
2024-08-01,0.0,0.0,0.0
2024-08-02,0.0,0.0,0.0
2024-08-05,0.0,0.0,0.0
2024-08-06,0.0,0.0,0.0
2024-08-07,0.0,0.0,0.0
2024-08-08,0.0,0.0,0.0
2024-08-09,0.0,0.0,0.0
2024-08-12,0.0,0.0,0.0
2024-08-13,0.0,0.0,0.0
2024-08-14,0.0,0.0,0.0
2024-08-16,0.0,0.0,0.0
2024-08-19,0.0,0.0,0.0
2024-08-20,0.0,0.0,0.0
2024-08-21,0.0,0.0,0.0
2024-08-22,0.0,0.0,0.0
2024-08-23,0.0,0.0,0.0
2024-08-26,0.0,0.0,0.0
2024-08-27,0.0,0.0,0.0
2024-08-28,0.0,0.0,0.0
2024-08-29,0.0,0.0,0.0
2024-08-30,0.0,0.0,0.0
2024-09-02,0.0,0.0,0.0
2024-09-03,0.0,0.0,0.0
2024-09-04,0.0,0.0,0.0
2024-09-05,0.0,0.0,0.0
2024-09-06,0.0,0.0,0.0
2024-09-09,0.0,0.0,0.0
2024-09-10,0.0,0.0,0.0
2024-09-11,0.0,0.0,0.0
2024-09-12,0.0,0.0,0.0
2024-09-13,0.0,0.0,0.0
2024-09-16,0.0,0.0,0.0
2024-09-17,0.0,0.0,0.0
2024-09-18,0.0,0.0,0.0
2024-09-19,0.0,0.0,0.0
2024-09-20,0.0,0.0,0.0
2024-09-23,0.0,0.0,0.0
2024-09-24,0.0,0.0,0.0
2024-09-25,0.0,0.0,0.0
2024-09-26,0.0,0.0,0.0
2024-09-27,0.0,0.0,0.0
2024-09-30,0.0,0.0,0.0
2024-10-01,0.0,0.0,0.0
2024-10-03,0.0,0.0,0.0
2024-10-04,0.0,0.0,0.0
2024-10-07,0.0,0.0,1.0
2024-10-08,0.0,0.0,0.0017744796745264857
2024-10-09,0.0,0.0,0.0005686871296000651
2024-10-10,0.0,0.0,0.0008946473149151757
2024-10-11,0.9999999999999998,1.0,0.0006136793865984536
2024-10-14,0.0,0.02431589650542737,0.0008616561480193075
2024-10-15,0.0,0.019589464411372104,1.0
2024-10-16,0.0,0.012009449738135558,0.0
2024-10-17,0.0,0.0068057327227945,0.0
2024-10-18,0.0,0.005289192764877437,0.0
2024-10-21,0.0,0.003664249611604331,0.0
2024-10-22,0.9999999999999998,1.0,1.0
2024-10-23,0.9999999999999998,1.0,0.0012357224346147277
2024-10-24,0.0,0.033569489133374375,0.0014395966380446046
2024-10-25,0.0,0.04170252485289605,0.0014653985974780737
2024-10-28,0.0,0.03130133574018651,0.0008816594280092738
2024-10-29,0.0,0.0433206213147696,0.0005714110208768775
2024-10-30,0.0,0.03787329751121715,0.0007973090991529319
2024-10-31,0.0,0.06309368871693444,1.0
2024-11-01,0.0,0.07272451917822947,0.0
2024-11-04,0.0,0.054540099331395475,0.0
2024-11-05,0.0,0.04714929494575465,0.0
2024-11-06,0.0,0.04691025508993335,0.0
2024-11-07,0.0,0.039164128476154775,0.0
2024-11-08,0.0,0.08261279439974961,0.0
2024-11-11,0.0,0.09661620287929838,0.0
2024-11-12,0.0,0.08091565617976987,0.0
2024-11-13,0.0,1.0,0.0
2024-11-14,0.0,0.0,0.0
2024-11-18,0.0,0.0,0.0
2024-11-19,0.0,0.0,0.0
2024-11-21,0.0,0.0,0.0
2024-11-22,0.0,0.0,0.0
2024-11-25,0.0,0.0,0.0
2024-11-26,0.0,0.0,0.0
2024-11-27,0.0,0.0,0.0
2024-11-28,0.0,0.0,0.0
2024-11-29,0.0,0.0,0.0
2024-12-02,0.0,0.0,0.0
2024-12-03,0.0,0.0,0.0
2024-12-04,0.0,0.0,0.0
2024-12-05,0.0,0.0,0.0
2024-12-06,0.0,0.0,0.0
2024-12-09,0.0,0.0,0.0
2024-12-10,0.0,0.0,0.0
2024-12-11,0.0,0.0,0.0
2024-12-12,0.0,0.0,0.0
2024-12-13,0.0,0.0,0.0
2024-12-16,0.0,0.0,0.0
2024-12-17,0.0,0.0,0.0
2024-12-18,0.0,0.0,0.0
2024-12-19,0.0,0.0,0.0
2024-12-20,0.0,0.0,0.0
2024-12-23,0.0,0.0,0.0
2024-12-24,0.0,0.0,0.0
2024-12-26,0.0,0.0,0.0
2024-12-27,0.0,0.0,0.0
2024-12-30,0.9999999999999998,0.0,0.0
